38.98788905,-77.02356398,MCP28010027,180008097,Montgomery County Police,Property Damage Crash,2/19/18 1:33,County,FENTON ST,County,PHILADELPHIA AVE,,N/A,,SAME DIR REAR END,CLEAR,DRY,DARK LIGHTS ON,TRAFFIC SIGNAL,ALCOHOL PRESENT,,7BE2E432-45D3-4793-B9C5-09AF2419342D,Yes,NO APPARENT INJURY,N/A,UNKNOWN,DC,6FD7AB4B-DF8C-4900-AAE1-34E3C210DF32,SUPERFICIAL,PASSENGER CAR,UNKNOWN,38.98788905,-77.02356398,"(38.98788905, -77.02356398)"
39.08426333,-77.13637167,MCP2617005F,180010117,Montgomery County Police,Property Damage Crash,2/27/18 12:00,Maryland (State),NORBECK RD,County,BALTIMORE RD,,N/A,,SAME DIR REAR END,CLEAR,DRY,DAYLIGHT,TRAFFIC SIGNAL,NONE DETECTED,,36E9DB91-44ED-4AC3-90B8-906AAEFBF15B,Yes,NO APPARENT INJURY,N/A,UNKNOWN,MD,FFCD436A-F88C-4B25-A379-DA38D41DFF92,NO DAMAGE,POLICE VEHICLE/NON EMERGENCY,MOVING CONSTANT SPEED,39.08426333,-77.13637167,"(39.08426333, -77.13637167)"
39.0519538,-77.11846456,MCP2894004J,180009570,Montgomery County Police,Injury Crash,2/24/18 7:10,Maryland (State),MONTROSE PKWY,Ramp,RAMP 2 FR MONTROSE PKWY TO MD 355 NB,,N/A,,STRAIGHT MOVEMENT ANGLE,FOGGY,WET,DAWN,TRAFFIC SIGNAL,NONE DETECTED,,71058036-5B68-4EDB-9BE6-9C6EDC4A7A94,Unknown,POSSIBLE INJURY,"SMOG, SMOKE, WET",LOOKED BUT DID NOT SEE,MD,DD3655AB-FED5-40CE-B055-58F5C75F0D3C,DISABLING,PASSENGER CAR,MAKING LEFT TURN,39.0519538,-77.11846456,"(39.0519538, -77.11846456)"
39.00361333,-77.18464167,MCP3030001D,180009284,Montgomery County Police,Property Damage Crash,2/22/18 17:25,Maryland (State),RIVER RD,County,HARRINGTON DR,,N/A,,SAME DIR REAR END,RAINING,WET,DUSK,NO CONTROLS,NONE DETECTED,,C88C2915-F7F9-466A-B6A9-D3B25E84F238,No,NO APPARENT INJURY,"SLEET, HAIL, FREEZ. RAIN, WET",NOT DISTRACTED,MD,CBD759EF-78EB-4579-B77B-775E5BD1F82B,SUPERFICIAL,PASSENGER CAR,SLOWING OR STOPPING,39.00361333,-77.18464167,"(39.00361333, -77.18464167)"
39.09849167,-77.13647667,MCP24550022,180008643,Montgomery County Police,Property Damage Crash,2/19/18 16:18,County,SOUTHLAWN LA,County,E GUDE DR,,N/A,,STRAIGHT MOVEMENT ANGLE,CLOUDY,WET,DAYLIGHT,N/A,N/A,,272A228C-2B30-4978-8C75-F9C27C459C89,No,NO APPARENT INJURY,"N/A, WET",NOT DISTRACTED,MD,CC4F4206-EF06-402C-9209-43CEECC29C77,FUNCTIONAL,PASSENGER CAR,MOVING CONSTANT SPEED,39.09849167,-77.13647667,"(39.09849167, -77.13647667)"
39.06020667,-76.95645833,MCP28550025,180009620,Montgomery County Police,Property Damage Crash,2/24/18 16:28,,,,,IN DRIVEAWY @ 12504 MARIE CT,,,OTHER,RAINING,,DAYLIGHT,NO CONTROLS,NONE DETECTED,,7F37366E-961E-4BA6-8DA0-2F9A7BB93DB8,Yes,NO APPARENT INJURY,"RAIN, SNOW, WET",LOOKED BUT DID NOT SEE,MD,4194F22C-06C0-4E9D-9EA6-BC2F9CE1B235,FUNCTIONAL,PASSENGER CAR,BACKING,39.06020667,-76.95645833,"(39.06020667, -76.95645833)"
39.04128333,-77.04850167,MCP2536001N,180009703,Montgomery County Police,Property Damage Crash,2/25/18 4:40,County,AMHERST AVE,Maryland (State),UNIVERSITY BLVD W,,N/A,,SINGLE VEHICLE,RAINING,WET,DARK LIGHTS ON,NO CONTROLS,ALCOHOL PRESENT,,6120357F-E828-44A9-8FD5-9734948F513A,Yes,NO APPARENT INJURY,"RAIN, SNOW, WET",NOT DISTRACTED,MD,43D84615-5C75-4F02-8453-96F1CB7AE73D,DISABLING,PASSENGER CAR,MOVING CONSTANT SPEED,39.04128333,-77.04850167,"(39.04128333, -77.04850167)"
39.17693333,-77.177575,MCP1399000L,180009592,Montgomery County Police,Property Damage Crash,2/24/18 11:38,,,,,PSTA PARKING LOT,,,STRAIGHT MOVEMENT ANGLE,RAINING,,DAYLIGHT,NO CONTROLS,NONE DETECTED,,32DBC3CC-05E9-468A-AE2A-DC3EA8DE88CD,Yes,NO APPARENT INJURY,"N/A, WET",INATTENTIVE OR LOST IN THOUGHT,GA,A64B8922-785E-40B6-95B7-BFD409463559,SUPERFICIAL,PASSENGER CAR,MOVING CONSTANT SPEED,39.17693333,-77.177575,"(39.17693333, -77.177575)"
39.23234667,-77.23713833,MCP229800HL,180007584,Montgomery County Police,Injury Crash,2/13/18 17:04,Maryland (State),RIDGE RD,County,SKYLARK RD,,N/A,,SAME DIR REAR END,RAINING,WET,DARK LIGHTS ON,NO CONTROLS,NONE DETECTED,,F06F24D1-119B-45C1-8C72-1674F16A9F13,Yes,NO APPARENT INJURY,"RAIN, SNOW, WET",NOT DISTRACTED,MD,EDDB08AC-2181-4C50-9B70-DF8290D3E0BB,DISABLING,VAN,SLOWING OR STOPPING,39.23234667,-77.23713833,"(39.23234667, -77.23713833)"
39.11081178,-76.93333179,MCP2586003N,180008544,Montgomery County Police,Property Damage Crash,2/18/18 21:19,County,OLD COLUMBIA PIKE,Maryland (State),OLD COLUMBIA PIKE,,N/A,,HEAD ON LEFT TURN,CLEAR,DRY,DARK LIGHTS ON,NO CONTROLS,NONE DETECTED,,E3C2DF91-3675-4222-AE3E-4C2D69D951DE,No,NO APPARENT INJURY,N/A,NOT DISTRACTED,MD,D0570C50-74DD-4296-A603-4AC2858AACF4,FUNCTIONAL,(SPORT) UTILITY VEHICLE,OTHER,39.11081178,-76.93333179,"(39.11081178, -76.93333179)"
39.02058333,-77.01343833,MCP12350018,180009614,Montgomery County Police,Injury Crash,2/24/18 15:26,Maryland (State),UNIVERSITY BLVD W,County,SUTHERLAND RD,,N/A,,SAME DIR REND LEFT TURN,CLOUDY,WET,DAYLIGHT,NO CONTROLS,NONE DETECTED,,7D556F83-69FA-48F3-A48B-DF5022B10D13,No,NO APPARENT INJURY,"N/A, WET",NOT DISTRACTED,VA,9DD8AB7A-A7AC-4E32-9537-C13E53BF9673,SUPERFICIAL,PASSENGER CAR,MAKING LEFT TURN,39.02058333,-77.01343833,"(39.02058333, -77.01343833)"
39.138495,-77.15333167,MCP2556001N,180008379,Montgomery County Police,Property Damage Crash,2/17/18 14:20,County,SHADY GROVE RD,County,TUPELO DR,,N/A,,STRAIGHT MOVEMENT ANGLE,SNOW,WET,DAYLIGHT,TRAFFIC SIGNAL,NONE DETECTED,,CA01788A-A99C-4728-864B-BA7C9C4DEA4F,Yes,NO APPARENT INJURY,"RAIN, SNOW, WET",NOT DISTRACTED,MD,A8169D6F-2E84-4945-AAAE-AFFF5E5AF9F3,SUPERFICIAL,PASSENGER CAR,ACCELERATING,39.138495,-77.15333167,"(39.138495, -77.15333167)"
39.11112833,-77.23934333,MCP06850040,180010071,Montgomery County Police,Property Damage Crash,2/27/18 8:53,Maryland (State),DARNESTOWN RD,Municipality,EDISON PARK DR,,GAITHERSBURG,,SAME DIR REAR END,CLEAR,DRY,DAYLIGHT,NO CONTROLS,NONE DETECTED,,E331CAFE-3352-4473-979A-4352BD6E2EF9,Yes,NO APPARENT INJURY,N/A,NOT DISTRACTED,MD,6E020928-4D86-42CD-9CF0-5D1E471D6A76,DISABLING,PASSENGER CAR,MOVING CONSTANT SPEED,39.11112833,-77.23934333,"(39.11112833, -77.23934333)"
39.03021167,-77.07143,MCP30390022,180009754,Montgomery County Police,Property Damage Crash,2/25/18 13:30,,,,,PARKING LOT OF THE HARRIS TEETER LOCATED AT 11845 OLD GEORGETOWN ROAD.,,,UNKNOWN,CLEAR,,DAYLIGHT,NO CONTROLS,UNKNOWN,,3B839606-E48B-441D-851E-297349871679,Yes,NO APPARENT INJURY,N/A,UNKNOWN,,8A969254-C968-4E95-9CD1-7E56EF1358BE,UNKNOWN,PASSENGER CAR,UNKNOWN,39.03021167,-77.07143,"(39.03021167, -77.07143)"
39.06381512,-77.12870121,DD5604001Y,180010503,Rockville Police Departme,Property Damage Crash,2/28/18 20:36,,,,,PARKING LOT OF 1519 ROCKVILLE PIKE (BED BATH & BEYOND),,,OTHER,CLEAR,,DARK LIGHTS ON,NO CONTROLS,NONE DETECTED,,21B7CD65-23C7-4008-878E-C411C4F0905E,Yes,NO APPARENT INJURY,N/A,UNKNOWN,MD,A9E44FB2-6C81-498E-A383-39711A97C8AE,SUPERFICIAL,PASSENGER CAR,BACKING,39.06381512,-77.12870121,"(39.06381512, -77.12870121)"
39.04158167,-77.05138,MCP3042001L,180010336,Montgomery County Police,Property Damage Crash,2/28/18 11:00,Maryland (State),UNIVERSITY BLVD W,Maryland (State),GEORGIA AVE,,N/A,,SAME DIR REAR END,CLOUDY,DRY,DAYLIGHT,TRAFFIC SIGNAL,NONE DETECTED,,7F8DE3D5-29B3-46A2-B5F6-A63CDFA4E868,Yes,NO APPARENT INJURY,N/A,LOOKED BUT DID NOT SEE,DC,913AD8DD-ABB2-4601-9BC8-992A8F63CD8D,DISABLING,PASSENGER CAR,SLOWING OR STOPPING,39.04158167,-77.05138,"(39.04158167, -77.05138)"
39.02345333,-76.97418667,MCP242500C1,180010307,Montgomery County Police,Property Damage Crash,2/28/18 6:54,County,POWDER MILL RD,County,GREEN FOREST DR,,N/A,,STRAIGHT MOVEMENT ANGLE,CLEAR,DRY,DAYLIGHT,STOP SIGN,NONE DETECTED,,7B27C079-4B3E-4C07-8662-808449EE4B1E,Yes,NO APPARENT INJURY,N/A,NOT DISTRACTED,MD,C87361A0-8120-4F0E-A8A7-00EF0279BAF0,DISABLING,VAN,MAKING LEFT TURN,39.02345333,-76.97418667,"(39.02345333, -76.97418667)"
39.02038167,-77.01311667,MCP2845003K,180010097,Montgomery County Police,Injury Crash,2/27/18 11:00,US (State),COLESVILLE RD,Maryland (State),UNIVERSITY BLVD E,,N/A,,SAME DIR REAR END,CLEAR,DRY,DAYLIGHT,TRAFFIC SIGNAL,NONE DETECTED,,D64FF946-7BC7-4B06-9255-9E90DE18CF45,No,POSSIBLE INJURY,N/A,NOT DISTRACTED,MD,4C52D62C-43E1-45FD-8548-B79E289C24DB,FUNCTIONAL,PASSENGER CAR,MAKING LEFT TURN,39.02038167,-77.01311667,"(39.02038167, -77.01311667)"
39.15060167,-77.05751333,MCP0539003Y,180009441,Montgomery County Police,Property Damage Crash,2/23/18 15:11,County,PRINCE PHILIP DR,Maryland (State),OLNEY SANDY SPRING RD,,N/A,,SAME DIR REAR END,CLOUDY,DRY,DAYLIGHT,NO CONTROLS,NONE DETECTED,,57C2F505-1991-4C63-84B6-81E4A975B7FD,Yes,NO APPARENT INJURY,"N/A, V WIPERS|W OTHER ENVIRONMENTAL",NOT DISTRACTED,MD,075226CB-14DE-465D-A95F-3FD196E88C0C,DISABLING,PASSENGER CAR,MOVING CONSTANT SPEED,39.15060167,-77.05751333,"(39.15060167, -77.05751333)"
39.055624,-77.14988933,MCP2094009Z,180010113,Montgomery County Police,Injury Crash,2/27/18 11:56,County,MONTROSE RD,Municipality,TOWER OAKS BLVD,,ROCKVILLE,,SAME DIR REAR END,CLEAR,DRY,DAYLIGHT,TRAFFIC SIGNAL,NONE DETECTED,,7864EC3C-0F59-4B4A-B1B0-4E260148CAC7,Yes,SUSPECTED SERIOUS INJURY,N/A,UNKNOWN,MD,1EB85404-AE8F-4605-B4F0-D195EB9A4B89,DISABLING,(SPORT) UTILITY VEHICLE,MOVING CONSTANT SPEED,39.055624,-77.14988933,"(39.055624, -77.14988933)"
39.17888333,-77.412185,MCP2395000Y,180009746,Montgomery County Police,Injury Crash,2/25/18 14:31,Maryland (State),DARNESTOWN RD,Maryland (State),BEALLSVILLE RD,,N/A,,HEAD ON LEFT TURN,N/A,WET,DAYLIGHT,NO CONTROLS,NONE DETECTED,,390BEC43-A1C8-4EFB-856E-26EEA74B4B92,No,NO APPARENT INJURY,"N/A, WET",NOT DISTRACTED,WV,9FAB44FB-2F28-452C-A23D-2BD03CB09FF7,DISABLING,PASSENGER CAR,MOVING CONSTANT SPEED,39.17888333,-77.412185,"(39.17888333, -77.412185)"
39.11112833,-77.23934333,MCP06850040,180010071,Montgomery County Police,Property Damage Crash,2/27/18 8:53,Maryland (State),DARNESTOWN RD,Municipality,EDISON PARK DR,,GAITHERSBURG,,SAME DIR REAR END,CLEAR,DRY,DAYLIGHT,NO CONTROLS,NONE DETECTED,,2C01981A-9384-418B-B398-AD19F6062FE9,No,NO APPARENT INJURY,N/A,NOT DISTRACTED,MD,4586B743-0A41-4ECD-A963-70825B04FADC,FUNCTIONAL,(SPORT) UTILITY VEHICLE,SLOWING OR STOPPING,39.11112833,-77.23934333,"(39.11112833, -77.23934333)"
39.09849167,-77.13647667,MCP24550022,180008643,Montgomery County Police,Property Damage Crash,2/19/18 16:18,County,SOUTHLAWN LA,County,E GUDE DR,,N/A,,STRAIGHT MOVEMENT ANGLE,CLOUDY,WET,DAYLIGHT,N/A,N/A,,BFD8492C-63F0-46C4-9454-CC3335D101AC,Yes,NO APPARENT INJURY,"N/A, WET",NOT DISTRACTED,MD,375CEDB6-2938-4159-8DEE-20DED82DFBFF,DISABLING,PASSENGER CAR,MAKING LEFT TURN,39.09849167,-77.13647667,"(39.09849167, -77.13647667)"
38.99655667,-77.030925,MCP30270014,170535639,Montgomery County Police,Property Damage Crash,10/9/17 12:48,County,CAMERON ST,County,SECOND AVE,,N/A,,SAME DIR REAR END,CLOUDY,DRY,DAYLIGHT,NO CONTROLS,N/A,,84035338-9B4B-493E-8419-6DB9560D6180,No,NO APPARENT INJURY,N/A,LOOKED BUT DID NOT SEE,DC,F8776335-2B02-4E17-8CCE-23B5F45E9430,DISABLING,PASSENGER CAR,MOVING CONSTANT SPEED,38.99655667,-77.030925,"(38.99655667, -77.030925)"
39.0031452,-77.04001933,MCP31500001,180009460,Montgomery County Police,Injury Crash,2/22/18 16:30,Maryland (State),16TH ST,County,SECOND AVE,,N/A,PEDESTRIAN,OTHER,CLEAR,DRY,DAYLIGHT,OTHER,UNKNOWN,NONE DETECTED,D66E8009-68A2-4569-A8F4-9D58AF7C77EB,Yes,NO APPARENT INJURY,N/A,UNKNOWN,,377DBD45-525F-4767-A56E-D9C48FA2BB25,UNKNOWN,AMBULANCE/EMERGENCY,MAKING LEFT TURN,39.0031452,-77.04001933,"(39.0031452, -77.04001933)"
39.14135333,-77.19893167,EJ78600019,180006073,Gaithersburg Police Depar,Injury Crash,2/4/18 23:28,Maryland (State),FREDERICK RD,Unknown,R/R #CSX 140 508 M,,N/A,,SAME DIR REAR END,WINTRY MIX,ICE,DARK LIGHTS ON,NO CONTROLS,NONE DETECTED,,087A6FE8-6C1F-40FD-B9A2-466079A82FC3,No,NO APPARENT INJURY,"ICY OR SNOW-COVERED, SLEET, HAIL, FREEZ. RAIN",NOT DISTRACTED,MD,130BA461-99FC-4C85-8499-A333C20A34EA,FUNCTIONAL,(SPORT) UTILITY VEHICLE,MOVING CONSTANT SPEED,39.14135333,-77.19893167,"(39.14135333, -77.19893167)"
39.158795,-77.15988333,MCP2682001C,180008603,Montgomery County Police,Property Damage Crash,2/19/18 11:10,Maryland (State),MUNCASTER MILL RD,Maryland (State),WOODFIELD RD,,N/A,,SAME DIRECTION RIGHT TURN,CLOUDY,WET,DAYLIGHT,N/A,NONE DETECTED,,9F6BFE90-D497-40A0-A7CB-C565600E54AC,No,NO APPARENT INJURY,"N/A, WET",NOT DISTRACTED,MD,BDDECF97-B487-4BF8-BA79-44D696EB2A17,FUNCTIONAL,PASSENGER CAR,ACCELERATING,39.158795,-77.15988333,"(39.158795, -77.15988333)"
39.02645,-77.02043333,MCP29870034,180010076,Montgomery County Police,Property Damage Crash,2/27/18 9:12,Maryland (State),UNIVERSITY BLVD W,County,DENNIS AVE,,N/A,,SAME DIR REAR END,CLEAR,DRY,DAYLIGHT,TRAFFIC SIGNAL,NONE DETECTED,,330F5510-31F4-418F-BADC-B623D6D89209,Yes,NO APPARENT INJURY,N/A,LOOKED BUT DID NOT SEE,MD,E8D01635-07D8-4835-9E8D-10E06864B171,DISABLING,PASSENGER CAR,MOVING CONSTANT SPEED,39.02645,-77.02043333,"(39.02645, -77.02043333)"
39.28047833,-77.20291333,MCP2893003P,180009459,Montgomery County Police,Property Damage Crash,2/23/18 16:51,Maryland (State),WOODFIELD RD,County,VALLEY PARK DR,,N/A,,SAME DIR REND LEFT TURN,FOGGY,WET,DAYLIGHT,NO CONTROLS,NONE DETECTED,,EFA52F1E-04AC-4242-8CA8-FC4FE807430F,No,NO APPARENT INJURY,N/A,NOT DISTRACTED,MD,57B3EC8A-1B60-4EE3-AFFD-297BF84C0CC3,SUPERFICIAL,OTHER,MOVING CONSTANT SPEED,39.28047833,-77.20291333,"(39.28047833, -77.20291333)"
39.04094566,-77.05152601,MCP2535001B,180009698,Montgomery County Police,Injury Crash,2/25/18 3:04,Maryland (State),GEORGIA AVE,County,ENNALLS AVE,,N/A,,SAME DIR REND LEFT TURN,RAINING,WET,DARK LIGHTS ON,NO CONTROLS,ALCOHOL PRESENT,,CC690FCF-E032-4435-BBFA-9F86692EC5A7,Yes,NO APPARENT INJURY,"RAIN, SNOW, WET",NOT DISTRACTED,MD,6022BE4F-7E32-4860-87BF-6A07664C58AF,FUNCTIONAL,(SPORT) UTILITY VEHICLE,MOVING CONSTANT SPEED,39.04094566,-77.05152601,"(39.04094566, -77.05152601)"
39.14286056,-77.22081833,MCP25590029,170546518,Montgomery County Police,Property Damage Crash,12/4/17 12:50,Maryland (State),QUINCE ORCHARD RD,Unknown,SPUR TO MD 117,,N/A,,SAME DIR REAR END,CLEAR,DRY,DAYLIGHT,TRAFFIC SIGNAL,N/A,,5E171501-1BF7-4FC3-84F1-5D5A080D8A79,Yes,NO APPARENT INJURY,N/A,UNKNOWN,MD,77241022-5403-4B97-8FBF-AF88D06A6581,SUPERFICIAL,PASSENGER CAR,MOVING CONSTANT SPEED,39.14286056,-77.22081833,"(39.14286056, -77.22081833)"
39.01240667,-76.97886333,MCP2919004H,180009949,Montgomery County Police,Property Damage Crash,2/26/18 15:25,Maryland (State),NEW HAMPSHIRE AVE,County,ADELPHI RD,,N/A,,SAME DIR REAR END,CLOUDY,DRY,DAYLIGHT,N/A,NONE DETECTED,,EA5368C3-9956-4183-AD6E-CD51056B6649,Yes,NO APPARENT INJURY,N/A,NOT DISTRACTED,MD,AAABA341-28D4-4578-AF16-05D63E56FF2C,FUNCTIONAL,PASSENGER CAR,SLOWING OR STOPPING,39.01240667,-76.97886333,"(39.01240667, -76.97886333)"
39.11081178,-76.93333179,MCP2586003N,180008544,Montgomery County Police,Property Damage Crash,2/18/18 21:19,County,OLD COLUMBIA PIKE,Maryland (State),OLD COLUMBIA PIKE,,N/A,,HEAD ON LEFT TURN,CLEAR,DRY,DARK LIGHTS ON,NO CONTROLS,NONE DETECTED,,C2B361F4-779C-4812-BF59-2E7EE1245AA8,No,NO APPARENT INJURY,N/A,NOT DISTRACTED,MD,AB87B201-929B-49EF-AC73-3C6E4071B7EF,DESTROYED,(SPORT) UTILITY VEHICLE,MOVING CONSTANT SPEED,39.11081178,-76.93333179,"(39.11081178, -76.93333179)"
39.12831333,-77.11710833,MCP2311003D,180009447,Montgomery County Police,Injury Crash,2/23/18 15:38,Maryland (State),MUNCASTER MILL RD,Unknown,EXIT FR SCHOOL,,N/A,,SAME DIR REAR END,CLOUDY,DRY,DAYLIGHT,N/A,N/A,,31A7F544-6E02-4D08-8C87-166861E66672,Yes,POSSIBLE INJURY,N/A,NOT DISTRACTED,MD,DAB97092-A2D4-48DF-A54F-349E9D8A54B1,DISABLING,PASSENGER CAR,SLOWING OR STOPPING,39.12831333,-77.11710833,"(39.12831333, -77.11710833)"
39.08070704,-77.14445114,DD56050054,180009298,Rockville Police Departme,Property Damage Crash,2/22/18 15:00,Maryland (State),ROCKVILLE PIKE,Unknown,SPUR FR MD 28,,N/A,,SAME DIR REAR END,RAINING,WET,DAWN,TRAFFIC SIGNAL,NONE DETECTED,,B60A5AB1-B4FC-4624-99E5-FCBA291544CC,No,NO APPARENT INJURY,"RAIN, SNOW, WET",NOT DISTRACTED,MD,6A90846C-FAFB-4D5A-9F22-A0F3752889FB,FUNCTIONAL,VAN,STOPPED IN TRAFFIC LANE,39.08070704,-77.14445114,"(39.08070704, -77.14445114)"
39.10380749,-77.19115108,MCP21770034,180006002,Montgomery County Police,Property Damage Crash,2/2/18 8:30,County,SHADY GROVE RD,Maryland (State),W MONTGOMERY AVE,,N/A,,SAME DIR REAR END,UNKNOWN,N/A,DAYLIGHT,N/A,N/A,,64D0647C-84EC-4BC2-85F7-9F50F1F7C905,Yes,NO APPARENT INJURY,N/A,UNKNOWN,MD,8A5667CE-E2D2-4A3F-B4DC-FF834E27A8AC,UNKNOWN,PASSENGER CAR,SLOWING OR STOPPING,39.10380749,-77.19115108,"(39.10380749, -77.19115108)"
39.15747667,-77.27076667,MCP28750039,180009653,Montgomery County Police,Property Damage Crash,2/24/18 21:11,Maryland (State),CLOPPER RD,County,METZ DR,,N/A,,HEAD ON LEFT TURN,RAINING,WET,DARK LIGHTS ON,NO CONTROLS,NONE DETECTED,,07FB97CD-4B25-423B-AE9F-9E9D92726DC7,Yes,NO APPARENT INJURY,"RAIN, SNOW, WET",LOOKED BUT DID NOT SEE,MD,CA615A46-A2E8-4D68-A643-EC788CFFE2C1,FUNCTIONAL,PASSENGER CAR,MAKING LEFT TURN,39.15747667,-77.27076667,"(39.15747667, -77.27076667)"
39.14871063,-77.27666795,MCP2761001Z,180010201,Montgomery County Police,Property Damage Crash,2/27/18 16:39,Maryland (State),GREAT SENECA HWY,County,RICHTER FARM RD,,N/A,,SAME DIR REAR END,CLEAR,DRY,DAYLIGHT,TRAFFIC SIGNAL,NONE DETECTED,,2D644499-31C2-4C5C-AA19-B28443A6A311,Yes,NO APPARENT INJURY,N/A,UNKNOWN,MD,641FDF49-7D36-4D56-87A5-15A5D749A1B6,DISABLING,PASSENGER CAR,MOVING CONSTANT SPEED,39.14871063,-77.27666795,"(39.14871063, -77.27666795)"
39.02152667,-77.14108333,MCP28480069,180010104,Montgomery County Police,Property Damage Crash,2/27/18 10:44,County,DEMOCRACY BLVD,Ramp,RAMP 4 FR IS 270Y NB TO DEMOCRACY BLVD,,N/A,,HEAD ON LEFT TURN,CLEAR,DRY,DAYLIGHT,TRAFFIC SIGNAL,NONE DETECTED,,5C3D1B1D-172C-450B-BDBC-10B57175238D,Yes,NO APPARENT INJURY,N/A,LOOKED BUT DID NOT SEE,MD,F56444A8-630D-4C3A-B049-2BC1723ED35A,DISABLING,PASSENGER CAR,MOVING CONSTANT SPEED,39.02152667,-77.14108333,"(39.02152667, -77.14108333)"
39.14222167,-77.19405167,MCP137800KN,180007534,Montgomery County Police,Injury Crash,2/13/18 13:24,Municipality,E DIAMOND AVE,Municipality,N SUMMIT AVE,,GAITHERSBURG,,SAME DIR REAR END,CLOUDY,DRY,DAYLIGHT,NO CONTROLS,UNKNOWN,,6F487DF0-ED03-497B-AD86-969C6E1E0623,Yes,POSSIBLE INJURY,N/A,UNKNOWN,,D595C072-BC1C-438F-96BF-9C96CD7EC56E,DISABLING,(SPORT) UTILITY VEHICLE,MOVING CONSTANT SPEED,39.14222167,-77.19405167,"(39.14222167, -77.19405167)"
39.11699983,-77.16868317,MCP2195001X,180003988,Montgomery County Police,Injury Crash,1/24/18 6:52,Maryland (State),FREDERICK RD,Municipality,KING FARM BLVD,,ROCKVILLE,,SAME DIR REAR END,CLEAR,DRY,DAWN,TRAFFIC SIGNAL,NONE DETECTED,,0E66D5B9-8D16-480A-A5B5-E10D9A81B1CA,Yes,NO APPARENT INJURY,N/A,OTHER DISTRACTION,MD,EEF4F235-4E72-45E8-99B5-F3648822C3A8,DISABLING,PASSENGER CAR,MOVING CONSTANT SPEED,39.11699983,-77.16868317,"(39.11699983, -77.16868317)"
39.10310676,-76.93365097,MCP9365000Y,180008970,Montgomery County Police,Property Damage Crash,2/21/18 9:42,US (State),COLUMBIA PIKE,County,BLACKBURN RD,,N/A,,SAME DIR REAR END,CLEAR,DRY,DAYLIGHT,N/A,NONE DETECTED,,4613CDC2-F8B2-4122-9B4C-F4DF7546B34B,No,NO APPARENT INJURY,N/A,NOT DISTRACTED,MD,25A045DB-BBC0-415B-9792-07B801AC4A2F,FUNCTIONAL,(SPORT) UTILITY VEHICLE,STOPPED IN TRAFFIC LANE,39.10310676,-76.93365097,"(39.10310676, -76.93365097)"
39.00706667,-77.09771167,MCP30850011,180009953,Montgomery County Police,Property Damage Crash,2/26/18 15:46,Maryland (State),ROCKVILLE PIKE,County,CEDAR LA,,N/A,,SAME DIR REAR END,CLOUDY,DRY,DAYLIGHT,TRAFFIC SIGNAL,NONE DETECTED,,2FBCA513-FA97-43CB-B181-A0B02D8E59E9,No,NO APPARENT INJURY,N/A,NOT DISTRACTED,MD,8A98E7B3-7543-48C3-997A-89B3A38BE728,FUNCTIONAL,(SPORT) UTILITY VEHICLE,STOPPED IN TRAFFIC LANE,39.00706667,-77.09771167,"(39.00706667, -77.09771167)"
39.11648906,-77.16016084,MCP31230009,180009474,Montgomery County Police,Property Damage Crash,2/23/18 18:40,County,DERWOOD RD,County,DERWOOD ST,,N/A,,SINGLE VEHICLE,CLEAR,WET,DARK NO LIGHTS,NO CONTROLS,NONE DETECTED,,EC42AE2D-FDC8-44C8-ADD7-C37ED35BEADC,Yes,NO APPARENT INJURY,N/A,UNKNOWN,MD,11F73F2B-DEDA-4F5D-96F0-FA26ACA4C502,SUPERFICIAL,PASSENGER CAR,MAKING LEFT TURN,39.11648906,-77.16016084,"(39.11648906, -77.16016084)"
39.10926335,-77.07585633,MCP25340028,180009659,Montgomery County Police,Injury Crash,2/24/18 21:52,Maryland (State),GEORGIA AVE,Maryland (State),NORBECK RD,,N/A,,SAME DIR REAR END,CLEAR,WET,DARK LIGHTS ON,TRAFFIC SIGNAL,NONE DETECTED,,A23859D6-9C64-4B20-B40C-7DF289191C6B,Yes,NO APPARENT INJURY,N/A,USING OTHER DEVICE CONTROLS INTEGRAL TO VEHICLE,MD,0B033A01-05B6-4C6C-8984-AFBD6A3DA9F3,FUNCTIONAL,(SPORT) UTILITY VEHICLE,MOVING CONSTANT SPEED,39.10926335,-77.07585633,"(39.10926335, -77.07585633)"
39.07681667,-77.00198,MCP21920029,180009165,Montgomery County Police,Property Damage Crash,2/22/18 7:01,Maryland (State),NEW HAMPSHIRE AVE,County,RANDOLPH RD,,N/A,,OTHER,CLOUDY,DRY,DAWN,N/A,NONE DETECTED,,3F0C2CA2-3F84-4B06-8A9E-96949134F887,No,NO APPARENT INJURY,N/A,NOT DISTRACTED,MD,91721992-2F92-41DD-BF11-F676CA063CA9,FUNCTIONAL,SCHOOL BUS,MOVING CONSTANT SPEED,39.07681667,-77.00198,"(39.07681667, -77.00198)"
39.28518667,-77.31436,MCP26410011,180009519,Montgomery County Police,Property Damage Crash,2/23/18 23:12,Maryland (State),FREDERICK RD,Unknown,FREDERICK CO/L,,N/A,,SINGLE VEHICLE,FOGGY,WET,DARK LIGHTS ON,N/A,N/A,,427E05D0-A1F0-45D7-91A0-964CAE74DC87,Unknown,NO APPARENT INJURY,"N/A, WET",UNKNOWN,,258DF716-E5E3-40C8-A0C2-CC277FE74A31,DISABLING,PASSENGER CAR,UNKNOWN,39.28518667,-77.31436,"(39.28518667, -77.31436)"
39.15255,-77.17307333,MCP2872002N,180010051,Montgomery County Police,Injury Crash,2/27/18 7:10,County,EMORY GROVE RD,Maryland (State),WOODFIELD RD,,N/A,,SAME DIR REAR END,CLEAR,DRY,DAYLIGHT,TRAFFIC SIGNAL,NONE DETECTED,,D04A7672-FB63-4F45-8EB6-2D377C5E0694,No,POSSIBLE INJURY,N/A,NOT DISTRACTED,MD,AD496AD1-7B27-4B5E-9D20-38980E147ED0,SUPERFICIAL,PASSENGER CAR,STOPPED IN TRAFFIC LANE,39.15255,-77.17307333,"(39.15255, -77.17307333)"
38.99774959,-77.02516258,MCP2963001H,180009647,Montgomery County Police,Property Damage Crash,2/24/18 17:00,County,ELLSWORTH DR,County,FENTON ST,,N/A,,UNKNOWN,N/A,N/A,DAYLIGHT,NO CONTROLS,N/A,,B308DE09-023A-477B-98EE-C776FC9C7C96,Yes,NO APPARENT INJURY,N/A,UNKNOWN,,EEDA65A0-66BD-4F84-8378-3FBA4EF33F98,UNKNOWN,,N/A,38.99774959,-77.02516258,"(38.99774959, -77.02516258)"
39.14361883,-77.22378016,MCP137800KS,180010435,Montgomery County Police,Property Damage Crash,2/28/18 16:49,Maryland (State),CLOPPER RD,Municipality,FIRSTFIELD RD,,GAITHERSBURG,,STRAIGHT MOVEMENT ANGLE,CLOUDY,DRY,DAYLIGHT,TRAFFIC SIGNAL,NONE DETECTED,,C0ECAA93-8318-41F0-BDC0-E17CB3FD2C48,No,NO APPARENT INJURY,N/A,NOT DISTRACTED,MD,C2811543-03A4-421A-848E-63DB5E6D0CD2,DISABLING,PASSENGER CAR,MOVING CONSTANT SPEED,39.14361883,-77.22378016,"(39.14361883, -77.22378016)"