3/7/14,11:36:00,MCP,NB RT 185 AT RT 97,39.08472333,-77.07543,No,No,No,No,No,No,No,No,No,No,MD,02 - Automobile,1998,MITSUBISHI,ECLIPSE,WHITE,Citation,22-406(i1),Transportation Article,No,HISPANIC,M,SILVER SPRING,MD,MD,L - Motorcycle,"(39.0847233333333, -77.07543)"
3/7/14,11:36:00,MCP,NB RT 185 AT RT 97,39.08472333,-77.07543,No,No,No,No,No,No,No,No,No,No,MD,02 - Automobile,1998,MITSUBISHI,ECLIPSE,WHITE,Citation,13-703(g),Transportation Article,No,HISPANIC,M,SILVER SPRING,MD,MD,L - Motorcycle,"(39.0847233333333, -77.07543)"
3/7/14,11:36:00,MCP,NB RT 185 AT RT 97,39.08472333,-77.07543,No,No,No,No,No,No,No,No,No,No,MD,02 - Automobile,1998,MITSUBISHI,ECLIPSE,WHITE,Citation,13-401(b1),Transportation Article,No,HISPANIC,M,SILVER SPRING,MD,MD,L - Motorcycle,"(39.0847233333333, -77.07543)"
3/7/14,11:36:00,MCP,NB RT 185 AT RT 97,39.08472333,-77.07543,No,No,No,No,No,No,No,No,No,No,MD,02 - Automobile,1998,MITSUBISHI,ECLIPSE,WHITE,Citation,13-411(g),Transportation Article,No,HISPANIC,M,SILVER SPRING,MD,MD,L - Motorcycle,"(39.0847233333333, -77.07543)"
3/7/14,11:36:00,MCP,NB RT 185 AT RT 97,39.08472333,-77.07543,No,No,No,No,No,No,No,No,No,No,MD,02 - Automobile,1998,MITSUBISHI,ECLIPSE,WHITE,Citation,13-409(b),Transportation Article,No,HISPANIC,M,SILVER SPRING,MD,MD,L - Motorcycle,"(39.0847233333333, -77.07543)"
3/7/14,12:03:00,MCP,SB GEORGIA AVE AT CONNECTICUT AVE,39.08084833,-77.07548667,No,No,No,No,No,No,No,No,No,No,MD,02 - Automobile,2012,KIA,SOUL,BLACK,Citation,21-1124.2(d2),Transportation Article,No,HISPANIC,M,SILVER SPRING,MD,MD,L - Motorcycle,"(39.0808483333333, -77.0754866666667)"
3/7/14,12:15:00,MCP,SB CONNECTICT ONTO SB GEORGIA AVE,39.08175333,-77.077145,No,No,No,No,No,No,No,No,No,No,MD,03 - Station Wagon,2004,ACUR,MDX,GRAY,Citation,21-1124.2(d2),Transportation Article,No,BLACK,M,WASHINGTON,DC,DC,L - Motorcycle,"(39.0817533333333, -77.077145)"
3/7/14,12:28:00,MCP,SB GEORGIA AVE AT ASPEN HILL RD,39.07805333,-77.07183667,No,No,No,No,No,No,No,No,No,No,VA,02 - Automobile,2003,CHEVROLET,IMPALA,BRONZE,Citation,21-1124.2(d2),Transportation Article,No,BLACK,M,GREENSBORO,NC,NC,L - Motorcycle,"(39.0780533333333, -77.0718366666667)"
3/10/14,10:17:00,MCP,EB I-370 AT SHADY GROVE RD EXIT LA 1,39.13265833,-77.169035,No,No,No,No,No,No,No,No,No,No,MD,03 - Station Wagon,2009,NISSAN,QUEST,WHITE,Citation,22-412.3(b),Transportation Article,No,WHITE,M,ROCKVILLE,MD,MD,A - Marked Patrol,"(39.1326583333333, -77.169035)"
3/10/14,10:17:00,MCP,EB I-370 AT SHADY GROVE RD EXIT LA 1,39.13265833,-77.169035,No,No,No,No,No,No,No,No,No,No,MD,03 - Station Wagon,2009,NISSAN,QUEST,WHITE,Citation,21-1124.2(d2),Transportation Article,No,WHITE,M,ROCKVILLE,MD,MD,A - Marked Patrol,"(39.1326583333333, -77.169035)"
3/10/14,11:36:00,MCP,SB RT 97 SOUTH OF RT 185,39.08094667,-77.075585,No,No,No,No,No,No,No,No,No,No,MD,02 - Automobile,2000,NISSAN,MAXIMA,SILVER,Citation,22-406(i1),Transportation Article,No,BLACK,M,SILVER SPRING,MD,MD,L - Motorcycle,"(39.0809466666667, -77.075585)"
3/10/14,11:58:00,MCP,RT 97 AT UNIVERSITY BLVD,39.04131333,-77.05258333,No,No,No,No,No,No,No,No,No,No,MD,02 - Automobile,2012,HONDA,CIVIC,BLACK,Citation,22-406(i1),Transportation Article,No,HISPANIC,M,GAITHERSBURG,MD,MD,L - Motorcycle,"(39.0413133333333, -77.0525833333333)"
3/10/14,12:06:00,MCP,WB REEDIE DR PRIOR TO VEIRS MILL RD,39.03850167,-77.05196833,No,No,No,No,No,No,No,No,No,No,MD,06 - Heavy Duty Truck,2004,FORD,TOW TRUCK,WHITE,Citation,22-412.3(b),Transportation Article,No,HISPANIC,M,HYATTSVILLE,MD,MD,L - Motorcycle,"(39.0385016666667, -77.0519683333333)"
3/10/14,12:06:00,MCP,WB REEDIE DR PRIOR TO VEIRS MILL RD,39.03850167,-77.05196833,No,No,No,No,No,No,No,No,No,No,MD,06 - Heavy Duty Truck,2004,FORD,TOW TRUCK,WHITE,Citation,22-412.3(c2),Transportation Article,No,HISPANIC,M,HYATTSVILLE,MD,MD,L - Motorcycle,"(39.0385016666667, -77.0519683333333)"
3/10/14,12:16:00,MCP,EB REEDIE DR PRIOR TO GEORGIA AVE,39.03894667,-77.04939667,No,No,No,No,No,No,No,No,No,No,MD,03 - Station Wagon,2001,CHEV,EXPRESS CARGO,WHITE,Citation,22-406(i1),Transportation Article,No,HISPANIC,M,ROCKVILLE,MD,MD,L - Motorcycle,"(39.0389466666667, -77.0493966666667)"
3/10/14,12:28:00,MCP,WB REEDIE DR PRIOR TO VEIRS MILL RD,39.03802667,-77.052975,No,No,No,No,No,No,No,No,No,No,MD,02 - Automobile,1998,ACUR,INTEGRA,BLACK,Citation,22-412.3(b),Transportation Article,No,BLACK,M,WASHINGTON,DC,DC,L - Motorcycle,"(39.0380266666667, -77.052975)"
3/10/14,12:28:00,MCP,WB REEDIE DR PRIOR TO VEIRS MILL RD,39.03802667,-77.052975,No,No,No,No,No,No,No,No,No,No,MD,02 - Automobile,1998,ACUR,INTEGRA,BLACK,Citation,22-412.3(c2),Transportation Article,No,BLACK,M,WASHINGTON,DC,DC,L - Motorcycle,"(39.0380266666667, -77.052975)"
3/10/14,12:39:00,MCP,WB REEDIE DR PRIOR TO VEIRS MILL RD,39.038565,-77.0523,No,No,No,No,No,No,No,No,No,No,MD,02 - Automobile,2007,ACUR,TL,WHITE,Citation,22-406(i1),Transportation Article,No,HISPANIC,M,SILVER SPRING,MD,MD,L - Motorcycle,"(39.038565, -77.0523)"
3/10/14,12:45:00,MCP,WB REEDIE DR PRIOR TO VEIRS MILL RD,39.03845667,-77.05237,No,No,No,No,No,No,No,No,No,No,MD,02 - Automobile,1999,TOYOTA,COROLLA,GREEN,Citation,22-406(i1),Transportation Article,No,BLACK,M,SILVER SPRING,MD,MD,L - Motorcycle,"(39.0384566666667, -77.05237)"
3/10/14,12:56:00,MCP,EB REEDIE DR PRIOR TO GEORGIA AVE,39.03886333,-77.05079333,No,No,No,No,No,No,No,No,No,No,MD,02 - Automobile,2000,MERCEDES,S500,BLACK,Citation,13-401(h),Transportation Article,No,WHITE,M,OLNEY,MD,MD,L - Motorcycle,"(39.0388633333333, -77.0507933333333)"
3/10/14,13:15:00,MCP,WB REEDIE DR PRIOR TO VEIRS MILL RD,39.03953667,-77.05244167,No,No,No,No,No,No,No,No,No,No,MD,02 - Automobile,1997,MERZ,C230,BLACK,Citation,21-1124.2(d2),Transportation Article,No,WHITE,F,SILVER SPRING,MD,MD,L - Motorcycle,"(39.0395366666667, -77.0524416666667)"
3/10/14,15:01:00,MCP,EB RANDOLPH RD PRIOR TO SHERWOOD FORREST,39.07372833,-77.00717,No,No,No,No,No,No,No,No,No,No,MD,02 - Automobile,2008,HONDA,CIVIC,BLUE,Citation,21-706(a),Transportation Article,No,WHITE,M,BALTIMORE,MD,MD,L - Motorcycle,"(39.0737283333333, -77.00717)"
3/10/14,15:09:00,MCP,EB RANDOLPH RD PRIOR TO RT 650 LA 2,39.07372833,-77.00717,No,No,No,No,No,No,No,No,No,No,MD,03 - Station Wagon,2007,TOYOTA,SIENNA,GRAY,Citation,21-801.1,Transportation Article,No,OTHER,F,SILVER SPRING,MD,MD,Q - Marked Laser,"(39.0737283333333, -77.00717)"
3/10/14,15:13:00,MCP,EB RANDOLPH RD PRIOR TO RT 650 LA 3,39.07372833,-77.00717,No,No,No,No,No,No,No,No,No,No,VA,05 - Light Duty Truck,2001,FORD,SPORT TRAC,BLUE,Citation,21-801.1,Transportation Article,No,HISPANIC,M,ALEXANDRIA,VA,VA,Q - Marked Laser,"(39.0737283333333, -77.00717)"
3/10/14,15:20:00,MCP,EB RANDOLPH RD PRIOR TO RT 650 LA 1,39.07372833,-77.00717,No,No,No,No,No,No,No,No,No,No,MD,03 - Station Wagon,2013,TOYOTA,HIGHLANDER,GRAY,Citation,21-801.1,Transportation Article,No,WHITE,F,JESSUP,MD,MD,Q - Marked Laser,"(39.0737283333333, -77.00717)"
3/10/14,16:47:00,MCP,SB RT 97 LEFT ONTO HEWITT AVE,39.07791667,-77.07010667,No,No,No,No,No,Yes,No,No,No,No,MD,03 - Station Wagon,2002,DODGE,RAM 1500 CARGO,WHITE,Citation,21-1124.2(d2),Transportation Article,No,HISPANIC,M,SILVER SPRING,MD,MD,L - Motorcycle,"(39.0779166666667, -77.0701066666667)"
3/10/14,18:34:00,MCP,CONNECTICUT AVE AT DEAN,39.069065,-77.07506,No,No,No,No,No,No,No,No,No,No,MD,02 - Automobile,2013,MERCEDES,4S,WHITE,Citation,22-406(i1),Transportation Article,No,HISPANIC,M,ROCKVILLE,MD,MD,L - Motorcycle,"(39.069065, -77.07506)"
3/10/14,18:56:00,MCP,SB RT 97 AT ASPEN HILL RD,39.07995667,-77.07420333,No,No,No,No,No,No,No,No,No,No,MD,03 - Station Wagon,2007,CHEVROLET,EXPRESS,WHITE,Citation,22-406(i1),Transportation Article,No,HISPANIC,M,HYATTSVILLE,MD,MD,L - Motorcycle,"(39.0799566666667, -77.0742033333333)"
3/10/14,19:06:00,MCP,SB RT 97 PRIOR TO GLENALLAN AVE,39.06367,-77.05575167,No,No,No,No,No,No,No,No,No,No,MD,03 - Station Wagon,2011,HONDA,ODYSSEY,GRAY,Citation,13-409(b),Transportation Article,No,BLACK,F,GERMANTOWN,MD,MD,L - Motorcycle,"(39.06367, -77.0557516666667)"
3/12/14,11:47:00,MCP,SB GEORGIA AVE AT EVANS DR LA 1,39.026695,-77.04690833,No,No,No,No,No,No,No,No,No,No,MD,03 - Station Wagon,2010,TOYOTA,HIGHLANDER,BLACK,Citation,21-801.1,Transportation Article,No,BLACK,F,SILVER SPRING,MD,MD,Q - Marked Laser,"(39.026695, -77.0469083333333)"
3/12/14,11:55:00,MCP,SB GEORGIA AVE AT EVANS DR LA 2,39.026695,-77.04690833,No,No,No,No,No,No,No,No,No,No,MD,03 - Station Wagon,2014,GMC,SUV,GRAY,Citation,13-409(b),Transportation Article,No,WHITE,F,CLARKSVILLE,MD,MD,Q - Marked Laser,"(39.026695, -77.0469083333333)"
3/12/14,12:06:00,MCP,SB GEORGIA AVE AT EVANS DR LA 2,39.02673167,-77.04691,No,No,No,No,No,No,No,No,No,No,MD,02 - Automobile,2013,LEXUS,4S,WHITE,Citation,13-409(b),Transportation Article,No,WHITE,M,WASHINGTON,DC,DC,Q - Marked Laser,"(39.0267316666667, -77.04691)"
3/12/14,12:15:00,MCP,SB GEORGIA AVE AT EVANS DR LA 2,39.02673167,-77.04691,No,No,No,No,No,No,No,No,No,No,DC,03 - Station Wagon,2004,HONDA,CRV,BLUE,Citation,21-801.1,Transportation Article,No,BLACK,M,WASHINGTON,DC,DC,Q - Marked Laser,"(39.0267316666667, -77.04691)"
3/12/14,12:20:00,MCP,SB GEORGIA AVE AT EVANS DR LA 1,39.02673167,-77.04691,No,No,No,No,No,No,No,No,No,No,MD,02 - Automobile,2007,HONDA,ACCORD,GRAY,Citation,21-801.1,Transportation Article,No,BLACK,F,GLENN DALE,MD,MD,Q - Marked Laser,"(39.0267316666667, -77.04691)"
3/12/14,12:30:00,MCP,SB GEORGIA AVE AT EVANS DR LA 1,39.02673167,-77.04691,No,No,No,No,No,No,No,No,No,No,MD,03 - Station Wagon,2001,SUZUKI,SUV,BLACK,Citation,21-801.1,Transportation Article,No,BLACK,M,SILVER SPRING,MD,MD,Q - Marked Laser,"(39.0267316666667, -77.04691)"
3/12/14,13:15:00,MCP,WB RANDOLPH RD PRIOR TO LOCKSLEY LA1,39.07088833,-77.01269667,No,No,No,No,No,No,No,No,No,No,MD,02 - Automobile,2010,KIA,4S,MAROON,Citation,21-801.1,Transportation Article,No,BLACK,F,SILVER SPRING,MD,MD,Q - Marked Laser,"(39.0708883333333, -77.0126966666667)"
3/12/14,13:22:00,MCP,WB RANDOLPH RD PRIOR TO LOCKSLEY LA2,39.07088833,-77.01269667,No,No,No,No,No,No,No,No,No,No,MD,05 - Light Duty Truck,2008,JEEP,WRANGLER 4S,GRAY,Citation,21-801.1,Transportation Article,No,WHITE,F,OLNEY,MD,MD,Q - Marked Laser,"(39.0708883333333, -77.0126966666667)"
3/12/14,13:30:00,MCP,WB RANDOLPH RD PRIOR TO LOCKSLEY LA1,39.07088833,-77.01269667,No,No,No,No,No,No,No,No,No,No,MD,02 - Automobile,2000,HONDA,CIVIC,GREEN,Citation,21-801.1,Transportation Article,No,HISPANIC,F,ROCKVILLE,MD,MD,Q - Marked Laser,"(39.0708883333333, -77.0126966666667)"
3/12/14,13:36:00,MCP,WB RANDOLPH RD PRIOR TO LOCKSLEY LA1,39.07088833,-77.01269667,No,No,No,No,No,No,No,No,No,No,MD,03 - Station Wagon,2001,BMW,SUV,BLUE,Citation,21-801.1,Transportation Article,No,BLACK,F,SILVER SPRING,MD,MD,Q - Marked Laser,"(39.0708883333333, -77.0126966666667)"
3/12/14,13:42:00,MCP,WB RANDOLPH RD PRIOR TO LOCKSLEY LA1,39.07088833,-77.01269667,No,No,No,No,No,No,No,No,No,No,MD,03 - Station Wagon,2001,NISSAN,XTERRA,BRONZE,Citation,21-801.1,Transportation Article,No,BLACK,M,SILVER SPRING,MD,MD,Q - Marked Laser,"(39.0708883333333, -77.0126966666667)"
3/12/14,13:52:00,MCP,WB RANDOLPH RD PRIOR TO LOCKSLEY LA2,39.07088833,-77.01269667,No,No,No,No,No,No,No,No,No,No,MD,02 - Automobile,2001,VW,PASSAT,WHITE,Citation,21-901.1(b),Transportation Article,No,HISPANIC,M,ROCKVILLE,MD,MD,A - Marked Patrol,"(39.0708883333333, -77.0126966666667)"
3/12/14,14:21:00,MCP,WB RANDOLPH RD PRIOR TO LOCKSLEY LA2,39.07088833,-77.01269667,No,No,No,No,No,No,No,No,No,No,MD,28 - Other,2014,NA,NA,WHITE,Citation,16-305(b),Transportation Article,No,HISPANIC,M,ROCKVILLE,MD,MD,A - Marked Patrol,"(39.0708883333333, -77.0126966666667)"
3/12/14,17:20:00,MCP,NB GEORGIA AVE NORTH OF DENNIS AVE,39.02562667,-77.04614,No,No,No,Yes,No,No,No,No,No,No,DC,01 - Motorcycle,2006,KAWASAKI,600,SILVER,Citation,21-801(b),Transportation Article,Yes,BLACK,M,WASHINGTON,DC,DC,A - Marked Patrol,"(39.0256266666667, -77.04614)"
3/12/14,17:20:00,MCP,NB GEORGIA AVE NORTH OF DENNIS AVE,39.02562667,-77.04614,No,No,No,Yes,No,No,No,No,No,No,DC,01 - Motorcycle,2006,KAWASAKI,600,SILVER,Citation,16-104.1(c),Transportation Article,Yes,BLACK,M,WASHINGTON,DC,DC,A - Marked Patrol,"(39.0256266666667, -77.04614)"
3/13/14,11:56:00,MCP,13700 BLOCK CONNECTICUT AVE GIANT FOODS,39.07942333,-77.07920833,No,No,No,No,No,No,No,No,No,No,MD,02 - Automobile,2001,AUDI,2.8 4/S,BLUE,Citation,22-406(i1),Transportation Article,No,HISPANIC,M,ROCKVILLE,MD,MD,A - Marked Patrol,"(39.0794233333333, -77.0792083333333)"
3/13/14,17:05:00,MCP,13700 BLOCK CONNECTICUT AVE GIANT FOODS,39.07969667,-77.07918333,No,No,No,No,No,No,No,No,No,No,MD,02 - Automobile,2011,TOYOTA,CAMRY,BLACK,Citation,21-1003(n),Transportation Article,No,WHITE,F,ROCKVILLE,MD,MD,A - Marked Patrol,"(39.0796966666667, -77.0791833333333)"
3/13/14,17:21:00,MCP,12601 BLOCK TWINBROOK PKWY,39.07742167,-77.080175,No,No,No,Yes,No,No,No,No,No,No,MD,05 - Light Duty Truck,2010,DODGE,RAM 1500,BLACK,Citation,20-103(a),Transportation Article,No,WHITE,M,MOUNT AIRY,MD,MD,A - Marked Patrol,"(39.0774216666667, -77.080175)"
3/13/14,17:21:00,MCP,12601 BLOCK TWINBROOK PKWY,39.07742167,-77.080175,No,No,No,Yes,No,No,No,No,No,No,MD,05 - Light Duty Truck,2010,DODGE,RAM 1500,BLACK,Citation,20-103(b),Transportation Article,No,WHITE,M,MOUNT AIRY,MD,MD,A - Marked Patrol,"(39.0774216666667, -77.080175)"
3/18/14,7:50:00,MCP,SB GEORGIA AVE AT EVANS DR LA 3,39.02724167,-77.04684667,No,No,No,No,No,No,No,No,No,No,PA,02 - Automobile,2010,MINI,COOPERS,RED,Citation,13-411(f),Transportation Article,No,OTHER,F,SILVER SPRING,MD,MD,A - Marked Patrol,"(39.0272416666667, -77.0468466666667)"
3/25/14,14:01:00,MCP,13700 BLOCK CONNECTICUT AVE GIANT FOODS,39.07958333,-77.07922333,No,No,No,No,No,No,No,No,No,No,MD,02 - Automobile,2007,MERCEDES,S550,BLACK,Citation,21-1003(n),Transportation Article,No,WHITE,M,ROCKVILLE,MD,MD,A - Marked Patrol,"(39.0795833333333, -77.0792233333333)"
3/27/14,16:56:00,MCP,3300 BLK DAMASCUS RD NB LA 1,39.22601,-77.06696333,No,No,No,No,No,No,No,No,No,No,MD,02 - Automobile,2008,TOYOTA,YARIS,SILVER,Citation,21-801.1,Transportation Article,No,WHITE,M,BROOKEVILLE,MD,MD,Q - Marked Laser,"(39.22601, -77.0669633333333)"
3/27/14,17:06:00,MCP,3300 BLK DAMASCUS RD NB LA 1,39.22601,-77.06696333,No,No,No,No,No,No,No,No,No,No,MD,02 - Automobile,2008,NISSAN,ALTIMA,BLUE,Citation,21-801.1,Transportation Article,No,WHITE,F,ROCKVILLE,MD,MD,Q - Marked Laser,"(39.22601, -77.0669633333333)"
3/28/14,17:06:00,MCP,INDEPENDENCE ST AT TURKEY BRANCH PARKWAY,39.07553,-77.08179667,No,No,No,No,No,No,No,No,No,No,MD,05 - Light Duty Truck,2003,FORD,F250,BLUE,Citation,22-406(i1),Transportation Article,No,HISPANIC,M,ROCKVILLE,MD,MD,A - Marked Patrol,"(39.07553, -77.0817966666667)"
4/1/14,16:10:00,MCP,NB GEORGIA AVE AT CONNECTICUT AVE,39.09128,-77.07968,No,No,No,No,No,No,No,No,No,No,MD,03 - Station Wagon,2005,MAZDA,TRIBUTE,BLUE,Citation,21-1124.2(d2),Transportation Article,No,WHITE,F,LIBERTYTOWN,MD,MD,L - Motorcycle,"(39.09128, -77.07968)"
4/1/14,16:18:00,MCP,NB GEORGIA AVE AT CONNECTICUT AVE,39.09057167,-77.07930833,No,No,No,No,No,No,No,No,No,No,MD,03 - Station Wagon,1997,MERC,MOUNTAINEER,GREEN,Citation,21-1124.2(d2),Transportation Article,No,OTHER,M,SILVER SPRING,MD,MD,L - Motorcycle,"(39.0905716666667, -77.0793083333333)"
4/1/14,16:32:00,MCP,NB GEORGIA AVE AT CONNECTICUT AVE,39.09205667,-77.07976333,No,No,No,No,No,No,No,No,No,No,MD,02 - Automobile,2011,HYUNDAI,SONATA,SILVER,Citation,21-1124.2(d2),Transportation Article,No,OTHER,F,ROCKVILLE,MD,MD,L - Motorcycle,"(39.0920566666667, -77.0797633333333)"
4/1/14,16:42:00,MCP,NB GEORGIA AVE AT CONNECTICUT AVE,39.09207667,-77.079745,No,No,No,No,No,No,No,No,No,No,MD,03 - Station Wagon,2008,TOYOTA,HIGHLANDER,GRAY,Citation,21-1124.2(d2),Transportation Article,No,OTHER,F,SILVER SPRING,MD,MD,L - Motorcycle,"(39.0920766666667, -77.079745)"
4/1/14,16:51:00,MCP,NB GEORGIA AVE AT CONNECTICUT AVE,39.09048,-77.07950167,No,No,No,No,No,No,No,No,No,No,MD,02 - Automobile,2008,MITSUBISHI,LANCER,MAROON,Citation,21-1124.2(d2),Transportation Article,No,HISPANIC,M,SILVER SPRING,MD,MD,L - Motorcycle,"(39.09048, -77.0795016666667)"
4/1/14,17:02:00,MCP,NB GEORGIA AVE AT CONNECTICUT AVE,39.09138333,-77.079775,No,No,No,No,No,No,No,No,No,No,MD,03 - Station Wagon,2008,HOND,PILOT,GRAY,Citation,21-1124.2(d2),Transportation Article,No,WHITE,F,OLNEY,MD,MD,L - Motorcycle,"(39.0913833333333, -77.079775)"
4/1/14,17:09:00,MCP,NB GEORGIA AVE AT CONNECTICUT AVE,39.09212333,-77.079745,No,No,No,No,No,No,No,No,No,No,MD,02 - Automobile,2003,TOYOTA,CAMRY,SILVER,Citation,21-1124.2(d2),Transportation Article,No,WHITE,F,BETHESDA,MD,MD,L - Motorcycle,"(39.0921233333333, -77.079745)"
4/1/14,17:32:00,MCP,NB GEORGIA AVE AT CONNECTICUT AVE,39.09103167,-77.07977667,No,No,No,No,No,No,No,No,No,No,MD,03 - Station Wagon,2007,HONDA,ODYSSEY,GRAY,Citation,21-1124.2(d2),Transportation Article,No,WHITE,F,ROCKVILLE,MD,MD,L - Motorcycle,"(39.0910316666667, -77.0797766666667)"
4/1/14,17:53:00,MCP,NB GEORGIA AVE AT CONNECTICUT AVE,39.09292833,-77.080645,No,No,No,No,No,No,No,No,No,No,MD,03 - Station Wagon,2005,FORD,ESCAPE,GRAY,Citation,21-1124.2(d2),Transportation Article,No,WHITE,F,SILVER SPRING,MB,MD,L - Motorcycle,"(39.0929283333333, -77.080645)"
4/1/14,18:13:00,MCP,WB RANDOLPH RD LEFT ONTO SB CONNECTICUT,39.05685333,-77.07381167,No,No,No,No,No,No,No,No,No,No,MD,01 - Motorcycle,2008,HONDA,CBR,BLUE,Citation,13-411(c2),Transportation Article,No,HISPANIC,M,SILVER SPRING,MD,MD,L - Motorcycle,"(39.0568533333333, -77.0738116666667)"
4/1/14,18:13:00,MCP,WB RANDOLPH RD LEFT ONTO SB CONNECTICUT,39.05685333,-77.07381167,No,No,No,No,No,No,No,No,No,No,MD,01 - Motorcycle,2008,HONDA,CBR,BLUE,Citation,16-105(b1),Transportation Article,No,HISPANIC,M,SILVER SPRING,MD,MD,L - Motorcycle,"(39.0568533333333, -77.0738116666667)"
4/1/14,18:13:00,MCP,WB RANDOLPH RD LEFT ONTO SB CONNECTICUT,39.05685333,-77.07381167,No,No,No,No,No,No,No,No,No,No,MD,01 - Motorcycle,2008,HONDA,CBR,BLUE,Citation,16-104.1(c),Transportation Article,No,HISPANIC,M,SILVER SPRING,MD,MD,L - Motorcycle,"(39.0568533333333, -77.0738116666667)"
4/3/14,7:55:00,MCP,WB RANDOLPH RD PRIOR TO LOCKSLEY LA3,39.06653667,-77.028465,No,No,No,No,No,No,No,No,No,No,MD,02 - Automobile,2006,MERZ,C280,BLACK,Citation,21-801.1,Transportation Article,No,BLACK,F,SILVER SPRING,MD,MD,Q - Marked Laser,"(39.0665366666667, -77.028465)"
4/3/14,15:41:00,MCP,WB RANDOLPH RD AT GLENALLAN AVE LA 1,39.05949167,-77.04781833,No,No,No,No,No,No,No,No,No,No,MD,05 - Light Duty Truck,2013,FORD,F150,GRAY,Citation,21-1124.2(d2),Transportation Article,No,HISPANIC,M,SILVER SPRING,MD,MD,L - Motorcycle,"(39.0594916666667, -77.0478183333333)"
4/3/14,16:00:00,MCP,WB BEL PRE RD LA 2 PRIOR TO BEAVERWOOD L,39.09051333,-77.05788333,No,No,No,No,No,No,No,No,No,No,MD,02 - Automobile,2001,TOYOTA,COROLLA,GREEN,Citation,21-1124.2(d2),Transportation Article,No,BLACK,F,SILVER SPRING,MD,MD,L - Motorcycle,"(39.0905133333333, -77.0578833333333)"
4/3/14,16:17:00,MCP,WB BEL PRE RD LA 1 LEFT ONTO CONNECTICUT,39.09110167,-77.07093,No,No,No,No,No,No,No,No,No,No,MD,03 - Station Wagon,2006,TOYOTA,SIENNA,SILVER,Citation,21-1124.2(d2),Transportation Article,No,BLACK,F,SILVER SPRING,MD,MD,L - Motorcycle,"(39.0911016666667, -77.07093)"
4/3/14,16:26:00,MCP,NB GEORGIA AVE AT CONNECTICUT AVE,39.09276167,-77.07944333,No,No,No,No,No,No,No,No,No,No,MD,02 - Automobile,2009,TOYOTA,CAMERY,GOLD,Citation,21-1124.2(d2),Transportation Article,No,BLACK,F,SILVER SPRING,MD,MD,L - Motorcycle,"(39.0927616666667, -77.0794433333333)"
4/3/14,16:38:00,MCP,NB GEORGIA AVE AT CONNECTICUT AVE,39.09292,-77.07963833,No,No,No,No,No,No,No,No,No,No,MD,03 - Station Wagon,2006,HONDA,ODYSSEY,GOLD,Citation,21-1124.2(d2),Transportation Article,No,HISPANIC,F,ROCKVILLE,MD,MD,L - Motorcycle,"(39.09292, -77.0796383333333)"
5/31/14,13:59:00,MCP,MUDDY BRANCH RD ON S/B I270,,,No,No,No,No,No,No,No,No,No,No,MD,02 - Automobile,2013,HONDA,4 DOOR,WHITE,Citation,21-801.1,Transportation Article,No,HISPANIC,F,ROCKVILLE,MD,MD,Q - Marked Laser,
4/3/14,16:46:00,MCP,SB GEORGIA AVE PRIOR TO ASPEN HILL RD L1,39.08132,-77.076095,No,No,No,No,No,No,No,No,No,No,MD,05 - Light Duty Truck,2004,CHEVROLET,AVALANCE,MAROON,Citation,21-1124.2(d2),Transportation Article,No,BLACK,M,LANHAM,MD,MD,L - Motorcycle,"(39.08132, -77.076095)"
4/3/14,17:01:00,MCP,NB GEORGIA AVE LA 2 AT LAYHILL RD,39.0639,-77.05329167,No,No,No,No,No,No,No,No,No,No,MD,02 - Automobile,2006,MITSUBISHI,LANCER,SILVER,Citation,21-1124.2(d2),Transportation Article,No,BLACK,M,GAITHERSBURG,MD,MD,L - Motorcycle,"(39.0639, -77.0532916666667)"
4/3/14,17:12:00,MCP,WB RANDOLPH RD AT GLENALLAN AVE LA 1,39.05903667,-77.0487,No,No,No,No,No,No,No,No,No,No,MD,03 - Station Wagon,2013,TOYOTA,HIGHLANDER,SILVER,Citation,21-1124.2(d2),Transportation Article,No,WHITE,F,TAKOMA PARK,MD,MD,L - Motorcycle,"(39.0590366666667, -77.0487)"
4/3/14,19:42:00,MCP,NB I 270 NORTH OF RT 27 LA 2,39.21150667,-77.27604,No,No,No,No,No,No,No,No,No,No,PA,02 - Automobile,1992,TOYOTA,CAMRY,BLUE,Citation,21-1124.2(d2),Transportation Article,No,WHITE,M,NEW OXFORD,PA,PA,A - Marked Patrol,"(39.2115066666667, -77.27604)"
4/6/14,12:52:00,MCP,370 RAMP TO EB SHADY GROVE RD,39.12989167,-77.162875,No,No,No,No,No,No,No,No,No,No,MD,02 - Automobile,2003,TOYOTA,CAMRY,SILVER,Citation,16-303(c),Transportation Article,No,BLACK,F,SILVER SPRING,MD,MD,A - Marked Patrol,"(39.1298916666667, -77.162875)"
4/6/14,12:52:00,MCP,370 RAMP TO EB SHADY GROVE RD,39.12989167,-77.162875,No,No,No,No,No,No,No,No,No,No,MD,02 - Automobile,2003,TOYOTA,CAMRY,SILVER,Citation,16-303(h),Transportation Article,No,BLACK,F,SILVER SPRING,MD,MD,A - Marked Patrol,"(39.1298916666667, -77.162875)"
4/6/14,12:52:00,MCP,370 RAMP TO EB SHADY GROVE RD,39.12989167,-77.162875,No,No,No,No,No,No,No,No,No,No,MD,02 - Automobile,2003,TOYOTA,CAMRY,SILVER,Citation,16-303(d),Transportation Article,No,BLACK,F,SILVER SPRING,MD,MD,A - Marked Patrol,"(39.1298916666667, -77.162875)"
4/6/14,12:52:00,MCP,370 RAMP TO EB SHADY GROVE RD,39.12989167,-77.162875,No,No,No,No,No,No,No,No,No,No,MD,02 - Automobile,2003,TOYOTA,CAMRY,SILVER,Citation,16-101(a),Transportation Article,No,BLACK,F,SILVER SPRING,MD,MD,A - Marked Patrol,"(39.1298916666667, -77.162875)"
4/6/14,12:52:00,MCP,370 RAMP TO EB SHADY GROVE RD,39.12989167,-77.162875,No,No,No,No,No,No,No,No,No,No,MD,02 - Automobile,2003,TOYOTA,CAMRY,SILVER,Citation,16-301(j),Transportation Article,No,BLACK,F,SILVER SPRING,MD,MD,A - Marked Patrol,"(39.1298916666667, -77.162875)"
4/6/14,13:04:00,MCP,EB SHADY GROVE RD LA 2 AT I-370 OVERPASS,39.13048333,-77.16172,No,No,No,No,No,No,No,No,No,No,MD,02 - Automobile,1993,NISSAN,300ZX,BLUE,Citation,21-1124.2(d2),Transportation Article,No,HISPANIC,M,FREDERICK,MD,MD,A - Marked Patrol,"(39.1304833333333, -77.16172)"
4/6/14,13:24:00,MCP,LEFT TURN NB CONN ONTO NB GEORGIA AVE,39.08752833,-77.07936,No,No,No,No,No,No,No,No,No,No,MD,03 - Station Wagon,2001,CHEVROLET,SUBURBAN,WHITE,Citation,21-1124.2(d2),Transportation Article,No,WHITE,F,KENSINGTON,MD,MD,A - Marked Patrol,"(39.0875283333333, -77.07936)"
4/6/14,13:32:00,MCP,SB CONNECTICUT AT GEORGIA AVE,39.081475,-77.07999833,No,No,No,No,No,No,No,No,No,No,MD,02 - Automobile,2004,HONDA,ACCORD,GRAY,Citation,21-1124.2(d2),Transportation Article,No,BLACK,F,WASHINGTON,DC,DC,A - Marked Patrol,"(39.081475, -77.0799983333333)"
4/6/14,13:32:00,MCP,SB CONNECTICUT AT GEORGIA AVE,39.081475,-77.07999833,No,No,No,No,No,No,No,No,No,No,MD,02 - Automobile,2004,HONDA,ACCORD,GRAY,Citation,13-411(d),Transportation Article,No,BLACK,F,WASHINGTON,DC,DC,A - Marked Patrol,"(39.081475, -77.0799983333333)"
4/6/14,13:44:00,MCP,NB CONNECTICUT AVE ONTO NB GEORGIA AVE,39.092715,-77.07943667,No,No,No,No,No,No,No,No,No,No,MD,03 - Station Wagon,2011,HYUNDAI,SANTA FE,BLUE,Citation,21-1124.2(d2),Transportation Article,No,WHITE,F,OLNEY,MD,MD,A - Marked Patrol,"(39.092715, -77.0794366666667)"
5/31/14,14:07:00,MCP,I370 ON S/B I270,,,No,No,No,No,No,No,No,No,No,No,MD,28 - Other,2011,MERCEDES,TK,SILVER,Citation,21-801.1,Transportation Article,No,WHITE,M,SILVER SPRING,MD,MD,Q - Marked Laser,
4/6/14,14:00:00,MCP,NB CONNECTICUT AVE PRIOR TO  GEORGIA AVE,39.09155833,-77.07047,No,No,No,No,No,No,No,No,No,No,MD,03 - Station Wagon,2004,NISSAN,MURANO,SILVER,Citation,21-1124.2(d2),Transportation Article,No,OTHER,F,SILVER SPRING,MD,MD,A - Marked Patrol,"(39.0915583333333, -77.07047)"
4/6/14,14:12:00,MCP,NB CONNECTICUT AVE ONTO NB GEORGIA AVE,39.08423333,-77.077735,No,No,No,No,No,No,No,No,No,No,MD,02 - Automobile,1995,BMW,540,BLACK,Citation,21-1124.2(d2),Transportation Article,No,HISPANIC,M,ROCKVILLE,MD,MD,A - Marked Patrol,"(39.0842333333333, -77.077735)"
4/6/14,14:12:00,MCP,NB CONNECTICUT AVE ONTO NB GEORGIA AVE,39.08423333,-77.077735,No,No,No,No,No,No,No,No,No,No,MD,02 - Automobile,1995,BMW,540,BLACK,Citation,16-303(c),Transportation Article,No,HISPANIC,M,ROCKVILLE,MD,MD,A - Marked Patrol,"(39.0842333333333, -77.077735)"
4/6/14,14:12:00,MCP,NB CONNECTICUT AVE ONTO NB GEORGIA AVE,39.08423333,-77.077735,No,No,No,No,No,No,No,No,No,No,MD,02 - Automobile,1995,BMW,540,BLACK,Citation,16-303(h),Transportation Article,No,HISPANIC,M,ROCKVILLE,MD,MD,A - Marked Patrol,"(39.0842333333333, -77.077735)"
4/6/14,14:12:00,MCP,NB CONNECTICUT AVE ONTO NB GEORGIA AVE,39.08423333,-77.077735,No,No,No,No,No,No,No,No,No,No,MD,02 - Automobile,1995,BMW,540,BLACK,Citation,16-303(d),Transportation Article,No,HISPANIC,M,ROCKVILLE,MD,MD,A - Marked Patrol,"(39.0842333333333, -77.077735)"
4/6/14,14:12:00,MCP,NB CONNECTICUT AVE ONTO NB GEORGIA AVE,39.08423333,-77.077735,No,No,No,No,No,No,No,No,No,No,MD,02 - Automobile,1995,BMW,540,BLACK,Citation,16-101(a),Transportation Article,No,HISPANIC,M,ROCKVILLE,MD,MD,A - Marked Patrol,"(39.0842333333333, -77.077735)"
4/6/14,14:12:00,MCP,NB CONNECTICUT AVE ONTO NB GEORGIA AVE,39.08423333,-77.077735,No,No,No,No,No,No,No,No,No,No,MD,02 - Automobile,1995,BMW,540,BLACK,Citation,16-301(j),Transportation Article,No,HISPANIC,M,ROCKVILLE,MD,MD,A - Marked Patrol,"(39.0842333333333, -77.077735)"
4/6/14,14:31:00,MCP,NB CONNECTICUT AVE PRIOR TO  GEORGIA AVE,39.08326,-77.07838333,No,No,No,No,No,No,No,No,No,No,MD,03 - Station Wagon,2007,JEEP,PATRIOT,WHITE,Citation,13-401(h),Transportation Article,No,BLACK,F,SILVER SPRING,MD,MD,A - Marked Patrol,"(39.08326, -77.0783833333333)"
4/6/14,14:31:00,MCP,NB CONNECTICUT AVE PRIOR TO  GEORGIA AVE,39.08326,-77.07838333,No,No,No,No,No,No,No,No,No,No,MD,03 - Station Wagon,2007,JEEP,PATRIOT,WHITE,Citation,21-1124.2(d2),Transportation Article,No,BLACK,F,SILVER SPRING,MD,MD,A - Marked Patrol,"(39.08326, -77.0783833333333)"
4/6/14,16:19:00,MCP,13700 BLK CONNECTICUT AVE ASPN HILL SC,39.078375,-77.08023667,No,No,No,No,No,No,No,No,No,No,MD,01 - Motorcycle,2003,HONDA,SHADOW,BLUE,Citation,16-104.1(c),Transportation Article,No,WHITE,M,OAKLAND,MD,MD,A - Marked Patrol,"(39.078375, -77.0802366666667)"
4/6/14,17:03:00,MCP,13700 BLOCK CONNECTICUT AVE GIANT FOODS,39.07964167,-77.079175,No,No,No,No,No,No,No,No,No,No,MD,03 - Station Wagon,2003,TOYOTA,RAV4,MAROON,Citation,21-1003(n),Transportation Article,No,BLACK,F,SILVER SPRING,MD,MD,A - Marked Patrol,"(39.0796416666667, -77.079175)"
4/11/14,5:28:00,MCP,SB 270 LA 1 AT MONT VILL AVE,39.14416167,-77.21413667,No,No,No,No,No,No,No,No,No,No,MD,02 - Automobile,2006,NISSAN,350Z,SILVER,Citation,16-114(b),Transportation Article,No,BLACK,F,GERMANTOWN,MD,MD,A - Marked Patrol,"(39.1441616666667, -77.2141366666667)"
4/11/14,10:28:00,MCP,NB RT 650 AT SAPLING RIDGE LA,39.21732167,-77.054575,No,No,No,No,No,Yes,No,No,No,No,MD,01 - Motorcycle,2014,KTM,DIRT ENDURO,WHITE,Citation,13-409(b),Transportation Article,No,WHITE,M,SILVER SPRING,MD,MD,Q - Marked Laser,"(39.2173216666667, -77.054575)"
4/11/14,13:56:00,MCP,WB RANDOLPH RD PRIOR TO LOCKSLEY LA2,39.07088833,-77.01277833,No,No,No,No,No,No,No,No,No,No,MD,03 - Station Wagon,2005,GMC,ENVOY,GREEN,Citation,21-801.1,Transportation Article,No,HISPANIC,M,ROCKVILLE,MD,MD,Q - Marked Laser,"(39.0708883333333, -77.0127783333333)"
5/8/14,11:15:00,MCP,CONN AVE AT SAUL,39.01313,-77.080035,No,Yes,No,No,No,Yes,No,No,No,No,MD,02 - Automobile,2005,MAZDA,4 DOOR,BLACK,Citation,16-301(j),Transportation Article,No,ASIAN,M,SILVER SPRING,MD,MD,A - Marked Patrol,"(39.01313, -77.080035)"
4/11/14,14:01:00,MCP,WB RANDOLPH RD PRIOR TO LOCKSLEY LA3,39.07096833,-77.01272,No,No,No,No,No,No,No,No,No,No,MD,02 - Automobile,2006,FORD,4S FUSION,GREEN,Citation,21-801.1,Transportation Article,No,OTHER,F,BURTONSVILLE,MD,MD,Q - Marked Laser,"(39.0709683333333, -77.01272)"
4/11/14,14:07:00,MCP,WB RANDOLPH RD PRIOR TO LOCKSLEY LA2,39.07096833,-77.01272,No,No,No,No,No,No,No,No,No,No,MD,02 - Automobile,1998,TOYOTA,COROLLA,WHITE,Citation,21-801.1,Transportation Article,No,BLACK,F,SILVER SPRING,MD,MD,Q - Marked Laser,"(39.0709683333333, -77.01272)"
4/11/14,14:18:00,MCP,WB RANDOLPH RD PRIOR TO LOCKSLEY LA2,39.07096833,-77.01272,No,No,No,No,No,No,No,No,No,No,MD,02 - Automobile,2008,LEXUS,4S,BLACK,Citation,21-801.1,Transportation Article,No,BLACK,F,SILVER SPRING,MD,MD,Q - Marked Laser,"(39.0709683333333, -77.01272)"
4/11/14,14:31:00,MCP,WB RANDOLPH RD PRIOR TO LOCKSLEY LA3,39.07096833,-77.01272,No,No,No,No,No,No,No,No,No,No,MD,03 - Station Wagon,2001,TOYOTA,SIENNA,BLUE,Citation,21-801.1,Transportation Article,No,HISPANIC,F,SILVER SPRING,MD,MD,Q - Marked Laser,"(39.0709683333333, -77.01272)"
4/11/14,14:34:00,MCP,WB RANDOLPH RD PRIOR TO LOCKSLEY LA3,39.07096833,-77.01272,No,No,No,No,No,No,No,No,No,No,MD,02 - Automobile,2007,NISSAN,ALTIMA,WHITE,Citation,21-801.1,Transportation Article,No,HISPANIC,F,SILVER SPRING,MD,MD,Q - Marked Laser,"(39.0709683333333, -77.01272)"
4/11/14,14:34:00,MCP,WB RANDOLPH RD PRIOR TO LOCKSLEY LA3,39.07096833,-77.01272,No,No,No,No,No,No,No,No,No,No,MD,02 - Automobile,2007,NISSAN,ALTIMA,WHITE,Citation,13-401(h),Transportation Article,No,HISPANIC,F,SILVER SPRING,MD,MD,Q - Marked Laser,"(39.0709683333333, -77.01272)"
4/14/14,10:25:00,MCP,SB GEORGIA AVE AT MAYSON ST,39.05557333,-77.05005167,No,No,No,No,No,Yes,No,No,No,No,MD,19 - Moped,2012,DONGFANG,DF150STG,BLUE,Citation,13-106(d2),Transportation Article,No,BLACK,M,WASHINGTON,DC,DC,A - Marked Patrol,"(39.0555733333333, -77.0500516666667)"
4/14/14,10:25:00,MCP,SB GEORGIA AVE AT MAYSON ST,39.05557333,-77.05005167,No,No,No,No,No,Yes,No,No,No,No,MD,19 - Moped,2012,DONGFANG,DF150STG,BLUE,Citation,17-104.1,Transportation Article,No,BLACK,M,WASHINGTON,DC,DC,A - Marked Patrol,"(39.0555733333333, -77.0500516666667)"
4/14/14,10:25:00,MCP,SB GEORGIA AVE AT MAYSON ST,39.05557333,-77.05005167,No,No,No,No,No,Yes,No,No,No,No,MD,19 - Moped,2012,DONGFANG,DF150STG,BLUE,Citation,13-401(b1),Transportation Article,No,BLACK,M,WASHINGTON,DC,DC,A - Marked Patrol,"(39.0555733333333, -77.0500516666667)"
4/14/14,10:55:00,MCP,WB REEDIE DR PRIOR TO VEIRS MILL RD,39.03867667,-77.05226167,No,No,No,No,No,No,No,No,No,No,MD,02 - Automobile,2011,LEXSUS,ES350,GRAY,Citation,21-502(a2),Transportation Article,No,BLACK,M,ATLANTA,GA,GA,A - Marked Patrol,"(39.0386766666667, -77.0522616666667)"
4/14/14,10:55:00,MCP,WB REEDIE DR PRIOR TO VEIRS MILL RD,39.03867667,-77.05226167,No,No,No,No,No,No,No,No,No,No,MD,02 - Automobile,2011,LEXSUS,ES350,GRAY,Citation,16-115(g),Transportation Article,No,BLACK,M,ATLANTA,GA,GA,A - Marked Patrol,"(39.0386766666667, -77.0522616666667)"
4/14/14,11:05:00,MCP,WB REEDIE DR PRIOR TO VEIRS MILL RD,39.03867667,-77.05226167,No,No,No,No,No,No,No,No,No,No,MD,02 - Automobile,2011,LEXSUS,ES350,GRAY,Citation,16-305(b),Transportation Article,No,HISPANIC,F,SILVER SPRING,MD,MD,A - Marked Patrol,"(39.0386766666667, -77.0522616666667)"
4/14/14,11:23:00,MCP,EB REEDIE DR PRIOR TO GEORGIA AVE,39.038565,-77.05135833,No,No,No,No,No,No,No,No,No,No,MD,02 - Automobile,1988,TOYOTA,CAMRY,GRAY,Citation,21-1124.2(d2),Transportation Article,No,OTHER,M,ROCKVILLE,MD,MD,A - Marked Patrol,"(39.038565, -77.0513583333333)"
4/14/14,11:30:00,MCP,EB REEDIE DR PRIOR TO GEORGIA AVE,39.03911167,-77.049125,No,No,No,No,No,No,No,No,No,No,MD,02 - Automobile,1999,HONDA,ACCORD,MAROON,Citation,22-412.3(b),Transportation Article,No,ASIAN,F,SILVER SPRING,MD,MD,A - Marked Patrol,"(39.0391116666667, -77.049125)"
4/14/14,12:18:00,MCP,WB REEDIE DR PRIOR TO VEIRS MILL RD,39.03866667,-77.05122,No,No,No,No,No,No,No,No,No,No,MD,02 - Automobile,2002,TOYOTA,PRIUS,WHITE,Citation,21-1124.2(d2),Transportation Article,No,WHITE,M,MILLERSVILLE,MD,MD,A - Marked Patrol,"(39.0386666666667, -77.05122)"
4/14/14,15:00:00,MCP,WB 3300 BLOCK OF DAMASCUS RD LA1,39.22601667,-77.06697333,No,No,No,No,No,No,No,No,No,No,NY,03 - Station Wagon,2006,CHRYSLER,PACIFICA,MAROON,Citation,21-801.1,Transportation Article,No,WHITE,F,ROTTERDAM JCT,NY,NY,Q - Marked Laser,"(39.2260166666667, -77.0669733333333)"
4/14/14,15:09:00,MCP,WB 3300 BLOCK OF DAMASCUS RD LA1,39.22601667,-77.06697333,No,No,No,No,No,Yes,No,No,No,No,MD,05 - Light Duty Truck,2008,CHEVROLET,HD2500,WHITE,Citation,21-801.1,Transportation Article,No,HISPANIC,M,MONTGOMERY VILLAGE,MD,MD,Q - Marked Laser,"(39.2260166666667, -77.0669733333333)"
4/14/14,15:20:00,MCP,WB 3300 BLOCK OF DAMASCUS RD LA1,39.22601667,-77.06697333,No,No,No,No,No,No,No,No,No,No,MD,02 - Automobile,2005,KIA,OPTIMA,SILVER,Citation,21-801.1,Transportation Article,No,BLACK,M,NEW CARROLLTON,MD,MD,Q - Marked Laser,"(39.2260166666667, -77.0669733333333)"
4/14/14,15:46:00,MCP,SB RT 97 AT RT 108,39.15220333,-77.06706333,No,No,No,No,No,No,No,No,No,No,MD,03 - Station Wagon,2004,SATURN,VUE,BLUE,Citation,13-411(d),Transportation Article,No,WHITE,M,BROOKEVILLE,MD,MD,A - Marked Patrol,"(39.1522033333333, -77.0670633333333)"
4/14/14,15:46:00,MCP,SB RT 97 AT RT 108,39.15220333,-77.06706333,No,No,No,No,No,No,No,No,No,No,MD,03 - Station Wagon,2004,SATURN,VUE,BLUE,Citation,22-412.3(b),Transportation Article,No,WHITE,M,BROOKEVILLE,MD,MD,A - Marked Patrol,"(39.1522033333333, -77.0670633333333)"
4/14/14,15:57:00,MCP,SB RT 97 @ QUEEN MARY LA 1,39.14282,-77.06755333,No,No,No,No,No,No,No,No,No,No,MD,02 - Automobile,1994,PONT,CONV,GREEN,Citation,21-1124.2(d2),Transportation Article,No,BLACK,M,SILVER SPRING,MD,MD,A - Marked Patrol,"(39.14282, -77.0675533333333)"
4/14/14,16:18:00,MCP,NB CONNECTICUT AVE PRIOR TO  GEORGIA AVE,39.08328333,-77.07836167,No,No,No,No,No,No,No,No,No,No,MD,03 - Station Wagon,2002,ACURA,MDX SUV,GOLD,Citation,21-1124.2(d2),Transportation Article,No,BLACK,F,SILVER SPRING,MD,MD,A - Marked Patrol,"(39.0832833333333, -77.0783616666667)"
4/14/14,18:09:00,MCP,NB CONNECTICUT AVE NORTH OF ASPEN HILL R,39.081435,-77.079825,No,No,No,No,No,No,No,No,No,No,MD,02 - Automobile,2011,HYUNDAI,SONATA,BLACK,Citation,22-406(i1),Transportation Article,No,BLACK,M,SILVER SPRING,MD,MD,A - Marked Patrol,"(39.081435, -77.079825)"
4/14/14,18:25:00,MCP,SB RT 97 AT RIPPLING BROOK LA 1,39.07232333,-77.06473667,No,No,No,No,No,No,No,No,No,No,MD,02 - Automobile,1999,HONDA,ACCORD,BLUE,Citation,22-412.3(b),Transportation Article,No,BLACK,M,SILVER SPRING,MD,MD,A - Marked Patrol,"(39.0723233333333, -77.0647366666667)"
4/14/14,18:25:00,MCP,SB RT 97 AT RIPPLING BROOK LA 1,39.07232333,-77.06473667,No,No,No,No,No,No,No,No,No,No,MD,02 - Automobile,1999,HONDA,ACCORD,BLUE,Citation,22-406(i1),Transportation Article,No,BLACK,M,SILVER SPRING,MD,MD,A - Marked Patrol,"(39.0723233333333, -77.0647366666667)"
4/16/14,8:53:00,MCP,SB RT 97 AT DENLEY RD,39.06425,-77.05649333,No,No,No,No,No,No,No,No,No,No,MD,02 - Automobile,1988,FORD,MUSTANG,BLACK,Citation,13-411(d),Transportation Article,No,BLACK,M,PHILADELPHIA,PA,PA,A - Marked Patrol,"(39.06425, -77.0564933333333)"
4/16/14,9:49:00,MCP,SB RT 97 AT BLUERIDGE AVE LA3,39.04351,-77.05216,No,No,No,No,No,No,No,No,No,No,MD,02 - Automobile,2000,NISSAN,MAXIMA,GOLD,Citation,22-412.3(b),Transportation Article,No,BLACK,F,SILVER SPRING,MD,MD,A - Marked Patrol,"(39.04351, -77.05216)"
4/16/14,10:04:00,MCP,WB REEDIE DR PRIOR TO VEIRS MILL RD,39.03870333,-77.05233,No,No,No,No,No,No,No,No,No,No,MD,02 - Automobile,2005,AUDI,A4 2.0,SILVER,Citation,21-1124.2(d2),Transportation Article,No,OTHER,M,SILVER SPRING,MD,MD,A - Marked Patrol,"(39.0387033333333, -77.05233)"
4/16/14,10:21:00,MCP,EB REEDIE DR PRIOR TO GEORGIA AVE,39.03859667,-77.05124667,No,No,No,No,No,No,No,No,No,No,MD,02 - Automobile,2005,SUBARU,4S,BLUE,Citation,21-502(a2),Transportation Article,No,WHITE,M,KENSINGTON,MD,MD,A - Marked Patrol,"(39.0385966666667, -77.0512466666667)"
4/16/14,10:21:00,MCP,EB REEDIE DR PRIOR TO GEORGIA AVE,39.03859667,-77.05124667,No,No,No,No,No,No,No,No,No,No,MD,02 - Automobile,2005,SUBARU,4S,BLUE,Citation,13-411(a),Transportation Article,No,WHITE,M,KENSINGTON,MD,MD,A - Marked Patrol,"(39.0385966666667, -77.0512466666667)"
4/16/14,10:21:00,MCP,EB REEDIE DR PRIOR TO GEORGIA AVE,39.03859667,-77.05124667,No,No,No,No,No,No,No,No,No,No,MD,02 - Automobile,2005,SUBARU,4S,BLUE,Citation,22-402.1(a),Transportation Article,No,WHITE,M,KENSINGTON,MD,MD,A - Marked Patrol,"(39.0385966666667, -77.0512466666667)"
4/16/14,11:22:00,MCP,WB REEDIE DR PRIOR TO VEIRS MILL RD,39.03859167,-77.052275,No,No,No,No,No,No,No,No,No,No,MD,03 - Station Wagon,2007,FORD,FREESTYLE,GRAY,Citation,21-1124.2(d2),Transportation Article,No,BLACK,F,SILVER SPRING,MD,MD,A - Marked Patrol,"(39.0385916666667, -77.052275)"
4/16/14,11:31:00,MCP,WB REEDIE DR PRIOR TO VEIRS MILL RD,39.03848833,-77.05193167,No,No,No,No,No,No,No,No,No,No,MD,02 - Automobile,2013,TOYOTA,CAMRY,WHITE,Citation,21-1124.2(d2),Transportation Article,No,HISPANIC,F,ROCKVILLE,MD,MD,A - Marked Patrol,"(39.0384883333333, -77.0519316666667)"
4/16/14,14:04:00,MCP,VEIRS MILL RD AT CLAGETT DR LA1,39.07818667,-77.128495,No,No,No,No,No,No,No,No,No,No,MD,02 - Automobile,2001,TOYOTA,COROLLA,BLACK,Citation,22-412.3(b),Transportation Article,No,WHITE,F,SILVER SPRING,MD,MD,A - Marked Patrol,"(39.0781866666667, -77.128495)"
4/16/14,14:12:00,MCP,EB VEIRS MILL RD AT TWINBROOK PKWY,39.07253667,-77.11043667,No,No,No,No,No,No,No,No,No,No,MD,05 - Light Duty Truck,2002,NISSAN,FRONTIER,YELLOW,Citation,21-1124.2(d2),Transportation Article,No,HISPANIC,F,SILVER SPRING,MD,MD,A - Marked Patrol,"(39.0725366666667, -77.1104366666667)"
4/16/14,14:12:00,MCP,EB VEIRS MILL RD AT TWINBROOK PKWY,39.07253667,-77.11043667,No,No,No,No,No,No,No,No,No,No,MD,05 - Light Duty Truck,2002,NISSAN,FRONTIER,YELLOW,Citation,22-412.3(b),Transportation Article,No,HISPANIC,F,SILVER SPRING,MD,MD,A - Marked Patrol,"(39.0725366666667, -77.1104366666667)"
4/16/14,14:47:00,MCP,EB RANDOLPH RD PRIOR TO RT 650 LA 2,39.07382333,-77.007075,No,No,No,No,No,No,No,No,No,No,MD,03 - Station Wagon,2006,TOYOTA,RAV4,BLUE,Citation,21-801.1,Transportation Article,No,WHITE,M,WALKERSVILLE,MD,MD,Q - Marked Laser,"(39.0738233333333, -77.007075)"
4/16/14,14:53:00,MCP,EB RANDOLPH RD PRIOR TO RT 650 LA 2,39.07382333,-77.007075,No,No,No,No,No,No,No,No,No,No,MD,03 - Station Wagon,2002,JEEP,CHEROKEE,BRONZE,Citation,21-801.1,Transportation Article,No,OTHER,M,LAUREL,MD,MD,Q - Marked Laser,"(39.0738233333333, -77.007075)"
4/16/14,15:00:00,MCP,EB RANDOLPH RD PRIOR TO RT 650 LA 3,39.07382333,-77.007075,No,No,No,No,No,No,No,No,No,No,MD,02 - Automobile,2014,HONDA,ACCORD,MAROON,Citation,21-801.1,Transportation Article,No,HISPANIC,F,ROCKVILLE,MD,MD,Q - Marked Laser,"(39.0738233333333, -77.007075)"
4/16/14,15:36:00,MCP,EB RANDOLPH RD PRIOR TO RT 650 LA 3,39.07376,-77.00705333,No,No,No,No,No,No,No,No,No,No,MD,02 - Automobile,2006,TOYOTA,PRIUS,BLUE,Citation,21-801.1,Transportation Article,No,WHITE,M,DENTON,MD,MD,Q - Marked Laser,"(39.07376, -77.0070533333333)"
4/16/14,15:52:00,MCP,EB RANDOLPH RD PRIOR TO RT 650 LA 1,39.07376,-77.00705333,No,No,No,No,No,No,No,No,No,No,MD,02 - Automobile,2010,TOYOTA,COROLLA,SILVER,Citation,21-801.1,Transportation Article,No,BLACK,M,SILVER SPRING,MD,MD,Q - Marked Laser,"(39.07376, -77.0070533333333)"
4/16/14,16:35:00,MCP,NB CONNECTICUT AVE PRIOR TO  GEORGIA AVE,39.08407333,-77.07661667,No,No,No,No,No,No,No,No,No,No,PA,02 - Automobile,2013,CHRYSLER,SEBRING 4S,BLACK,Citation,21-1124.2(d2),Transportation Article,No,HISPANIC,M,SILVER SPRING,MD,MD,A - Marked Patrol,"(39.0840733333333, -77.0766166666667)"
4/16/14,16:54:00,MCP,NB CONNECTICUT AVE PRIOR TO  GEORGIA AVE,39.083105,-77.07884,No,No,No,No,No,No,No,No,No,No,MD,02 - Automobile,2000,DAEWOO,LANOS,BLUE,Citation,21-1124.2(d2),Transportation Article,No,OTHER,M,SILVER SPRING,MD,MD,A - Marked Patrol,"(39.083105, -77.07884)"
4/16/14,17:08:00,MCP,NB CONNECTICUT AVE PRIOR TO  GEORGIA AVE,39.091435,-77.07964167,No,No,No,No,No,No,No,No,No,No,MD,05 - Light Duty Truck,2009,CHEVROLET,SILVERADO,WHITE,Citation,21-1124.2(d2),Transportation Article,No,HISPANIC,M,OLNEY,MD,MD,A - Marked Patrol,"(39.091435, -77.0796416666667)"
4/16/14,17:19:00,MCP,NB CONNECTICUT AVE PRIOR TO  GEORGIA AVE,39.08324833,-77.07845167,No,No,No,No,No,No,No,No,No,No,MD,03 - Station Wagon,2009,FORD,EXCAPE,WHITE,Citation,21-1124.2(d2),Transportation Article,No,WHITE,F,ROCKVILLE,MD,MD,A - Marked Patrol,"(39.0832483333333, -77.0784516666667)"
4/16/14,17:56:00,MCP,NB CONNECTICUT AVE ONTO NB GEORGIA AVE,39.08705167,-77.07929333,No,No,No,No,No,No,No,No,No,No,MD,03 - Station Wagon,2008,GMC,ACADIA,BLACK,Citation,21-1124.2(d2),Transportation Article,No,BLACK,F,BURTONSVILLE,MD,MD,A - Marked Patrol,"(39.0870516666667, -77.0792933333333)"
4/16/14,18:23:00,MCP,NB GEORGIA AVE AT GLENALLAN AVE,39.06372833,-77.05544167,No,No,No,No,No,No,No,No,No,No,MD,02 - Automobile,1999,MERCEDES,CLK320,SILVER,Citation,21-1124.2(d2),Transportation Article,No,OTHER,M,SILVER SPRING,MD,MD,A - Marked Patrol,"(39.0637283333333, -77.0554416666667)"
4/16/14,18:35:00,MCP,WB RANDOLPH RD AT LIVINGSTON,39.058515,-77.05569667,No,No,No,No,No,No,No,No,No,No,MD,03 - Station Wagon,1993,DODGE,CARAVAN,BLACK,Citation,21-1124.2(d2),Transportation Article,No,HISPANIC,M,SILVER SPRING,MD,MD,A - Marked Patrol,"(39.058515, -77.0556966666667)"
4/16/14,18:52:00,MCP,WB RANDOLPH RD AT LIVINGSTON,39.05918,-77.06724167,No,No,No,No,No,No,No,No,No,No,MD,03 - Station Wagon,2004,FORD,EXPLORER,MAROON,Citation,21-1124.2(d2),Transportation Article,No,HISPANIC,M,SILVER SPRING,MD,MD,A - Marked Patrol,"(39.05918, -77.0672416666667)"
4/16/14,18:52:00,MCP,WB RANDOLPH RD AT LIVINGSTON,39.05918,-77.06724167,No,No,No,No,No,No,No,No,No,No,MD,03 - Station Wagon,2004,FORD,EXPLORER,MAROON,Citation,22-412.2(d),Transportation Article,No,HISPANIC,M,SILVER SPRING,MD,MD,A - Marked Patrol,"(39.05918, -77.0672416666667)"
4/17/14,9:57:00,MCP,NB CONNECTICUT AVE PRIOR TO  GEORGIA AVE,39.08415667,-77.07644167,No,No,No,No,No,No,No,No,No,No,MD,02 - Automobile,2006,HONDA,ODYSSEY,SILVER,Citation,21-1124.2(d2),Transportation Article,No,WHITE,M,CHEVY CHASE,MD,MD,A - Marked Patrol,"(39.0841566666667, -77.0764416666667)"
4/17/14,10:09:00,MCP,NB CONNECTICUT AVE PRIOR TO  GEORGIA AVE,39.08466,-77.075535,No,No,No,No,No,No,No,No,No,No,VA,02 - Automobile,2013,INFINITI,G37,BLACK,Citation,21-1124.2(d2),Transportation Article,No,WHITE,F,HERNDON,VA,VA,A - Marked Patrol,"(39.08466, -77.075535)"
4/17/14,11:14:00,MCP,WB REEDIE DR PRIOR TO VEIRS MILL RD,39.03831833,-77.05234167,No,No,No,No,No,No,No,No,No,No,MD,03 - Station Wagon,2002,HONDA,CRV,BLUE,Citation,21-502(a2),Transportation Article,No,OTHER,F,SILVER SPRING,MD,MD,A - Marked Patrol,"(39.0383183333333, -77.0523416666667)"
4/17/14,11:14:00,MCP,WB REEDIE DR PRIOR TO VEIRS MILL RD,39.03831833,-77.05234167,No,No,No,No,No,No,No,No,No,No,MD,03 - Station Wagon,2002,HONDA,CRV,BLUE,Citation,22-412.2(d),Transportation Article,No,OTHER,F,SILVER SPRING,MD,MD,A - Marked Patrol,"(39.0383183333333, -77.0523416666667)"
4/17/14,11:23:00,MCP,WB VEIRS MILL RD PRIOR TO UNIVERSITY BLV,39.03989167,-77.05502167,No,No,No,No,No,No,No,No,No,No,MD,03 - Station Wagon,2002,TOYOTA,SIENNA,BLUE,Citation,21-1124.2(d2),Transportation Article,No,HISPANIC,F,SILVER SPRING,MD,MD,A - Marked Patrol,"(39.0398916666667, -77.0550216666667)"
4/17/14,11:36:00,MCP,UNIVERSITY  BLVD WEST OF VEIRS MILL RD,39.03812333,-77.05984833,No,No,No,No,No,No,No,No,No,No,MO,03 - Station Wagon,2008,MERCEDES,SUV,BLACK,Citation,21-1124.2(d2),Transportation Article,No,BLACK,F,TOWN & COUNTRY,MO,MO,A - Marked Patrol,"(39.0381233333333, -77.0598483333333)"
4/17/14,11:49:00,MCP,EB UNIVERSITY BLVD AT EAST AVE LA1,39.03896333,-77.05725167,No,No,No,No,No,No,No,No,No,No,MD,03 - Station Wagon,2013,FORD,TRANSIT,BLACK,Citation,21-1124.2(d2),Transportation Article,No,WHITE,M,FREDERICK,MD,MD,A - Marked Patrol,"(39.0389633333333, -77.0572516666667)"
4/17/14,12:01:00,MCP,WB VEIRS MILL RD PRIOR TO UNIVERSITY BLV,39.04182833,-77.05866,No,No,No,No,No,No,No,No,No,No,VA,02 - Automobile,2007,TOYOTA,COROLLA,GOLD,Citation,21-1124.2(d2),Transportation Article,No,OTHER,M,SILVER SPRING,MD,MD,A - Marked Patrol,"(39.0418283333333, -77.05866)"
4/17/14,12:17:00,MCP,WB VEIRS MILL RD PRIOR TO UNIVERSITY BLV,39.04043667,-77.05611667,No,No,No,No,No,No,No,No,No,No,MD,03 - Station Wagon,2013,TOYOTA,HIGHLANDER,GREEN,Citation,21-1124.2(d2),Transportation Article,No,OTHER,M,WASHINGTON,DC,DC,A - Marked Patrol,"(39.0404366666667, -77.0561166666667)"
4/17/14,13:08:00,MCP,EB RANDOLPH RD PRIOR TO RT 650 LA 2,39.07383833,-77.00704167,No,No,No,No,No,No,No,No,No,No,MD,02 - Automobile,2010,CHEVROLET,MALIBU,SILVER,Citation,21-801.1,Transportation Article,No,HISPANIC,M,ROCKVILLE,MD,MD,A - Marked Patrol,"(39.0738383333333, -77.0070416666667)"
4/17/14,13:08:00,MCP,EB RANDOLPH RD PRIOR TO RT 650 LA 2,39.07383833,-77.00704167,No,No,No,No,No,No,No,No,No,No,MD,02 - Automobile,2010,CHEVROLET,MALIBU,SILVER,Citation,16-112(c),Transportation Article,No,HISPANIC,M,ROCKVILLE,MD,MD,A - Marked Patrol,"(39.0738383333333, -77.0070416666667)"
4/17/14,13:08:00,MCP,EB RANDOLPH RD PRIOR TO RT 650 LA 2,39.07383833,-77.00704167,No,No,No,No,No,No,No,No,No,No,MD,02 - Automobile,2010,CHEVROLET,MALIBU,SILVER,Citation,16-101(a),Transportation Article,No,HISPANIC,M,ROCKVILLE,MD,MD,A - Marked Patrol,"(39.0738383333333, -77.0070416666667)"
4/17/14,13:40:00,MCP,WB RANDOLPH RD PRIOR TO LOCKSLEY LA1,39.06805,-77.01662167,No,No,No,No,No,No,No,No,No,No,MD,05 - Light Duty Truck,2000,FORD,F250,RED,Citation,22-412.3(b),Transportation Article,No,WHITE,M,SILVER SPRING,MD,MD,A - Marked Patrol,"(39.06805, -77.0166216666667)"
4/17/14,15:39:00,MCP,WB RT 108 AT RT 97,39.15497167,-77.069185,No,No,No,No,No,No,No,No,No,No,MD,03 - Station Wagon,2004,HYUN,SANTA FE,BLUE,Citation,21-1124.2(d2),Transportation Article,No,WHITE,F,GAITHERSBURG,MD,MD,L - Motorcycle,"(39.1549716666667, -77.069185)"
4/17/14,15:52:00,MCP,WB RT 108 AT RT 97,39.15294833,-77.06608667,No,No,No,No,No,No,No,No,No,No,MD,02 - Automobile,2011,TOYOTA,CAMRY,MAROON,Citation,21-1124.2(d2),Transportation Article,No,OTHER,F,ROCKVILLE,MD,MD,L - Motorcycle,"(39.1529483333333, -77.0660866666667)"
4/17/14,16:04:00,MCP,WB RT 108 AT RT 97,39.15389167,-77.06810333,No,No,No,No,No,No,No,No,No,No,MD,02 - Automobile,2004,CHEV,CAVALIER,BLACK,Citation,21-1124.2(d2),Transportation Article,No,BLACK,F,OLNEY,MD,MD,L - Motorcycle,"(39.1538916666667, -77.0681033333333)"
4/17/14,16:21:00,MCP,NB GEORGIA AVE AT CONNECTICUT AVE,39.092455,-77.07967667,No,No,No,No,No,No,No,No,No,No,MD,03 - Station Wagon,1998,NISSAN,QUEST,WHITE,Citation,21-1124.2(d2),Transportation Article,No,HISPANIC,M,GAITHERSBURG,MD,MD,L - Motorcycle,"(39.092455, -77.0796766666667)"
4/17/14,16:21:00,MCP,NB GEORGIA AVE AT CONNECTICUT AVE,39.092455,-77.07967667,No,No,No,No,No,No,No,No,No,No,MD,03 - Station Wagon,1998,NISSAN,QUEST,WHITE,Citation,16-112(c),Transportation Article,No,HISPANIC,M,GAITHERSBURG,MD,MD,L - Motorcycle,"(39.092455, -77.0796766666667)"
4/17/14,16:21:00,MCP,NB GEORGIA AVE AT CONNECTICUT AVE,39.092455,-77.07967667,No,No,No,No,No,No,No,No,No,No,MD,03 - Station Wagon,1998,NISSAN,QUEST,WHITE,Citation,16-101(a),Transportation Article,No,HISPANIC,M,GAITHERSBURG,MD,MD,L - Motorcycle,"(39.092455, -77.0796766666667)"
4/17/14,16:21:00,MCP,NB GEORGIA AVE AT CONNECTICUT AVE,39.092455,-77.07967667,No,No,No,No,No,No,No,No,No,No,MD,03 - Station Wagon,1998,NISSAN,QUEST,WHITE,Citation,16-303(c),Transportation Article,No,HISPANIC,M,GAITHERSBURG,MD,MD,L - Motorcycle,"(39.092455, -77.0796766666667)"
4/17/14,16:21:00,MCP,NB GEORGIA AVE AT CONNECTICUT AVE,39.092455,-77.07967667,No,No,No,No,No,No,No,No,No,No,MD,03 - Station Wagon,1998,NISSAN,QUEST,WHITE,Citation,16-303(h),Transportation Article,No,HISPANIC,M,GAITHERSBURG,MD,MD,L - Motorcycle,"(39.092455, -77.0796766666667)"
4/17/14,16:21:00,MCP,NB GEORGIA AVE AT CONNECTICUT AVE,39.092455,-77.07967667,No,No,No,No,No,No,No,No,No,No,MD,03 - Station Wagon,1998,NISSAN,QUEST,WHITE,Citation,16-303(d),Transportation Article,No,HISPANIC,M,GAITHERSBURG,MD,MD,L - Motorcycle,"(39.092455, -77.0796766666667)"
4/17/14,16:37:00,MCP,NB CONNECTICUT AVE PRIOR TO  GEORGIA AVE,39.08519333,-77.07490667,No,No,No,No,No,No,No,No,No,No,ME,03 - Station Wagon,2005,HONDA,PILOT,GRAY,Citation,21-1124.2(d2),Transportation Article,No,BLACK,F,SILVER SPRING,MD,MD,L - Motorcycle,"(39.0851933333333, -77.0749066666667)"
4/17/14,16:45:00,MCP,NB GEORGIA AVE AT CONNECTICUT AVE,39.08599,-77.07870333,No,No,No,No,No,No,No,No,No,No,MD,02 - Automobile,2011,HYUNDAI,TOURING,GRAY,Citation,21-1124.2(d2),Transportation Article,No,HISPANIC,F,SILVER SPRING,MD,MD,L - Motorcycle,"(39.08599, -77.0787033333333)"
4/17/14,16:53:00,MCP,SB CONNECTICT ONTO SB GEORGIA AVE,39.08120833,-77.07592167,No,No,No,No,No,No,No,No,No,No,MD,03 - Station Wagon,2001,FORD,EXPLORER,BLACK,Citation,21-1124.2(d2),Transportation Article,No,HISPANIC,F,SILVER SPRING,MD,MD,L - Motorcycle,"(39.0812083333333, -77.0759216666667)"
4/17/14,16:59:00,MCP,SB CONNECTICUT AT GEORGIA AVE,39.080595,-77.08069667,No,No,No,No,No,No,No,No,No,No,MD,05 - Light Duty Truck,2004,FORD,F250,GREEN,Citation,21-1124.2(d2),Transportation Article,No,HISPANIC,M,ROCKVILLE,MD,MD,L - Motorcycle,"(39.080595, -77.0806966666667)"
4/17/14,17:08:00,MCP,SB GEORGIA AVE AT CONNECTICUT AVE,39.08427667,-77.07812333,No,No,No,No,No,No,No,No,No,No,MD,03 - Station Wagon,2007,NISSAN,MURANO,SILVER,Citation,13-409(b),Transportation Article,No,BLACK,M,BOWIE,MD,MD,L - Motorcycle,"(39.0842766666667, -77.0781233333333)"
4/17/14,17:23:00,MCP,NB CONNECTICUT AVE ONTO NB GEORGIA AVE,39.08773,-77.07909833,No,No,No,No,No,No,No,No,No,No,MD,02 - Automobile,2008,NISSAN,ALTIMA,GRAY,Citation,21-1124.2(d2),Transportation Article,No,BLACK,F,SILVER SPRING,MD,MD,L - Motorcycle,"(39.08773, -77.0790983333333)"
4/17/14,17:35:00,MCP,NB CONNECTICUT AVE ONTO NB GEORGIA AVE,39.08767,-77.07921167,No,No,No,No,No,No,No,No,No,No,IA,02 - Automobile,2014,TOYOTA,CAMRY,GRAY,Citation,21-1124.2(d2),Transportation Article,No,WHITE,F,DAVENPORT,IA,IA,L - Motorcycle,"(39.08767, -77.0792116666667)"
4/17/14,17:56:00,MCP,NB CONNECTICUT AVE ONTO NB GEORGIA AVE,39.08594,-77.07869,No,No,No,No,No,No,No,No,No,No,MD,02 - Automobile,2009,TOYOTA,CAMRY,SILVER,Citation,21-1124.2(d2),Transportation Article,No,WHITE,M,ROCKVILLE,MD,MD,L - Motorcycle,"(39.08594, -77.07869)"
4/17/14,18:43:00,MCP,SB GLENALLAN AVE AT GREENERY LA,39.06173167,-77.046355,No,No,No,No,No,No,No,No,No,No,MD,03 - Station Wagon,2000,DODGE,CARAVAN,BLUE,Citation,21-1124.2(d2),Transportation Article,No,HISPANIC,F,SILVER SPRING,MD,MD,L - Motorcycle,"(39.0617316666667, -77.046355)"
4/18/14,8:03:00,MCP,SB CONNECTICUT AT GEORGIA AVE,39.07684,-77.080845,No,No,No,No,No,No,No,No,No,No,MD,05 - Light Duty Truck,2000,GMC,SIERRA,BLUE,Citation,21-1124.2(d2),Transportation Article,No,HISPANIC,M,SILVER SPRING,MD,MD,L - Motorcycle,"(39.07684, -77.080845)"
4/18/14,8:13:00,MCP,SB GEORGIA AVE AT CONNECTICUT AVE,39.07478167,-77.067685,No,No,No,No,No,No,No,No,No,No,MD,02 - Automobile,1997,NISSAN,MAXIMA,BLUE,Citation,21-1124.2(d2),Transportation Article,No,OTHER,M,ROCKVILLE,MD,MD,L - Motorcycle,"(39.0747816666667, -77.067685)"
4/18/14,8:30:00,MCP,SB GEORGIA AVE AT CONNECTICUT AVE,39.08270667,-77.07783167,No,No,No,No,No,No,No,No,No,No,MD,03 - Station Wagon,2004,CHEVROLET,CARGO VAN,WHITE,Citation,21-1124.2(d2),Transportation Article,No,HISPANIC,M,SILVER SPRING,MD,MD,L - Motorcycle,"(39.0827066666667, -77.0778316666667)"
4/18/14,8:30:00,MCP,SB GEORGIA AVE AT CONNECTICUT AVE,39.08270667,-77.07783167,No,No,No,No,No,No,No,No,No,No,MD,03 - Station Wagon,2004,CHEVROLET,CARGO VAN,WHITE,Citation,13-401(h),Transportation Article,No,HISPANIC,M,SILVER SPRING,MD,MD,L - Motorcycle,"(39.0827066666667, -77.0778316666667)"
4/18/14,8:43:00,MCP,SB CONNECTICUT AT GEORGIA AVE,39.07111333,-77.06351833,No,No,No,No,No,Yes,No,No,No,No,MD,05 - Light Duty Truck,2007,CHEV,COLORADO,WHITE,Citation,21-1124.2(d2),Transportation Article,No,WHITE,M,MONTGOMERY VILLAGE,MD,MD,L - Motorcycle,"(39.0711133333333, -77.0635183333333)"
4/18/14,9:15:00,MCP,SB GLENALLAN AVE ONTO EB RANDOLPH RD,39.061135,-77.04366333,No,No,No,No,No,No,No,No,No,No,FL,02 - Automobile,2013,CHRYSLER,300,BLACK,Citation,21-201(a1),Transportation Article,No,BLACK,M,ST PETERSBURG,FL,FL,L - Motorcycle,"(39.061135, -77.0436633333333)"
4/30/14,17:57:00,MCP,KENTLANDS BLVD AT BOOTH ST,,,No,No,No,No,No,No,No,No,No,No,MD,02 - Automobile,2013,LANDROVER,LR4,WHITE,Citation,21-707(a),Transportation Article,No,ASIAN,M,NORTH POTOMAC,MD,MD,A - Marked Patrol,
4/18/14,9:15:00,MCP,SB GLENALLAN AVE ONTO EB RANDOLPH RD,39.061135,-77.04366333,No,No,No,No,No,No,No,No,No,No,FL,02 - Automobile,2013,CHRYSLER,300,BLACK,Citation,16-301(j),Transportation Article,No,BLACK,M,ST PETERSBURG,FL,FL,L - Motorcycle,"(39.061135, -77.0436633333333)"
4/18/14,9:15:00,MCP,SB GLENALLAN AVE ONTO EB RANDOLPH RD,39.061135,-77.04366333,No,No,No,No,No,No,No,No,No,No,FL,02 - Automobile,2013,CHRYSLER,300,BLACK,Citation,21-309(b),Transportation Article,No,BLACK,M,ST PETERSBURG,FL,FL,L - Motorcycle,"(39.061135, -77.0436633333333)"
4/18/14,9:15:00,MCP,SB GLENALLAN AVE ONTO EB RANDOLPH RD,39.061135,-77.04366333,No,No,No,No,No,No,No,No,No,No,FL,02 - Automobile,2013,CHRYSLER,300,BLACK,Citation,16-101(a),Transportation Article,No,BLACK,M,ST PETERSBURG,FL,FL,L - Motorcycle,"(39.061135, -77.0436633333333)"
4/18/14,9:15:00,MCP,SB GLENALLAN AVE ONTO EB RANDOLPH RD,39.061135,-77.04366333,No,No,No,No,No,No,No,No,No,No,FL,02 - Automobile,2013,CHRYSLER,300,BLACK,Citation,16-303(g),Transportation Article,No,BLACK,M,ST PETERSBURG,FL,FL,L - Motorcycle,"(39.061135, -77.0436633333333)"
4/18/14,9:15:00,MCP,SB GLENALLAN AVE ONTO EB RANDOLPH RD,39.061135,-77.04366333,No,No,No,No,No,No,No,No,No,No,FL,02 - Automobile,2013,CHRYSLER,300,BLACK,Citation,16-303(d),Transportation Article,No,BLACK,M,ST PETERSBURG,FL,FL,L - Motorcycle,"(39.061135, -77.0436633333333)"
4/18/14,9:15:00,MCP,SB GLENALLAN AVE ONTO EB RANDOLPH RD,39.061135,-77.04366333,No,No,No,No,No,No,No,No,No,No,FL,02 - Automobile,2013,CHRYSLER,300,BLACK,Citation,16-303(h),Transportation Article,No,BLACK,M,ST PETERSBURG,FL,FL,L - Motorcycle,"(39.061135, -77.0436633333333)"
4/18/14,9:15:00,MCP,SB GLENALLAN AVE ONTO EB RANDOLPH RD,39.061135,-77.04366333,No,No,No,No,No,No,No,No,No,No,FL,02 - Automobile,2013,CHRYSLER,300,BLACK,Citation,16-303(f),Transportation Article,No,BLACK,M,ST PETERSBURG,FL,FL,L - Motorcycle,"(39.061135, -77.0436633333333)"
4/18/14,9:15:00,MCP,SB GLENALLAN AVE ONTO EB RANDOLPH RD,39.061135,-77.04366333,No,No,No,No,No,No,No,No,No,No,FL,02 - Automobile,2013,CHRYSLER,300,BLACK,Citation,16-303(c),Transportation Article,No,BLACK,M,ST PETERSBURG,FL,FL,L - Motorcycle,"(39.061135, -77.0436633333333)"
4/18/14,9:52:00,MCP,EB RANDOLPH RD PRIOR TO RT 650 LA 2,39.07311,-77.00839833,No,No,No,No,No,No,No,No,No,No,MD,02 - Automobile,2005,DODGE,NEON,BLUE,Citation,13-411(d),Transportation Article,No,WHITE,F,COLUMBIA,MD,MD,L - Motorcycle,"(39.07311, -77.0083983333333)"
4/18/14,9:52:00,MCP,EB RANDOLPH RD PRIOR TO RT 650 LA 2,39.07311,-77.00839833,No,No,No,No,No,No,No,No,No,No,MD,02 - Automobile,2005,DODGE,NEON,BLUE,Citation,13-401(b1),Transportation Article,No,WHITE,F,COLUMBIA,MD,MD,L - Motorcycle,"(39.07311, -77.0083983333333)"
4/18/14,10:38:00,MCP,EB RANDOLPH RD PRIOR TO RT 650 LA 1,39.07377667,-77.00717833,No,No,No,No,No,No,No,No,No,No,MD,02 - Automobile,2012,HONDA,CIVIC,"BLUE, LIGHT",Citation,21-801.1,Transportation Article,No,WHITE,M,SILVER SPRING,MD,MD,Q - Marked Laser,"(39.0737766666667, -77.0071783333333)"
4/18/14,13:11:00,MCP,NB GRT 97 AT LAYHILL RD,39.06504,-77.05728167,No,No,No,No,No,No,No,No,No,No,MD,03 - Station Wagon,1997,CHEVROLET,CARGO,WHITE,Citation,21-1124.2(d2),Transportation Article,No,HISPANIC,M,SILVER SPRING,MD,MD,L - Motorcycle,"(39.06504, -77.0572816666667)"
4/18/14,13:18:00,MCP,NB RT 97 AT ATLANTA DRIVE,39.06585833,-77.05837667,No,No,No,No,No,No,No,No,No,No,MD,02 - Automobile,1998,TOYOTA,CAMRY,WHITE,Citation,22-412.2(d),Transportation Article,No,HISPANIC,F,TAKOMA PARK,MD,MD,L - Motorcycle,"(39.0658583333333, -77.0583766666667)"
4/18/14,13:18:00,MCP,NB RT 97 AT ATLANTA DRIVE,39.06585833,-77.05837667,No,No,No,No,No,No,No,No,No,No,MD,02 - Automobile,1998,TOYOTA,CAMRY,WHITE,Citation,22-412.3(c3),Transportation Article,No,HISPANIC,F,TAKOMA PARK,MD,MD,L - Motorcycle,"(39.0658583333333, -77.0583766666667)"
4/25/14,14:35:00,MCP,WB RANDOLPH RD AT GLENMONT CIR,39.058365,-77.049565,No,No,No,No,No,No,No,No,No,No,MD,03 - Station Wagon,1999,CHEVROLET,ASTRO,MAROON,Citation,16-301(j),Transportation Article,No,HISPANIC,M,SILVER SPRING,MD,MD,A - Marked Patrol,"(39.058365, -77.049565)"
4/18/14,13:30:00,MCP,SB GEORGIA AVE AT CONNECTICUT AVE,39.08148333,-77.07625833,No,No,No,No,No,No,No,No,No,No,FL,02 - Automobile,2003,KIA,OPTIMA,SILVER,Citation,21-1124.2(d2),Transportation Article,No,WHITE,F,DELRAY BEACH,FL,FL,L - Motorcycle,"(39.0814833333333, -77.0762583333333)"
4/20/14,15:02:00,MCP,13700 BLOCK ASPEN HILL RD S/C,39.07770833,-77.07996333,No,No,No,No,No,No,No,No,No,No,MD,02 - Automobile,2012,TOYOTA,CAMRY,BLACK,Citation,22-406(i1),Transportation Article,No,HISPANIC,M,ROCKVILLE,MD,MD,A - Marked Patrol,"(39.0777083333333, -77.0799633333333)"
4/22/14,7:36:00,MCP,SB CONNECTICUT AT GEORGIA AVE,39.08063167,-77.0807,No,No,No,No,No,No,No,No,No,No,MD,05 - Light Duty Truck,2013,TOYOTA,TACOMA,GRAY,Citation,21-1124.2(d2),Transportation Article,No,HISPANIC,M,ROCKVILLE,MD,MD,A - Marked Patrol,"(39.0806316666667, -77.0807)"
4/22/14,7:45:00,MCP,SB CONNECTICUT AT GEORGIA AVE,39.07678667,-77.08081167,No,No,No,No,No,No,No,No,No,No,MD,03 - Station Wagon,2006,TOYOTA,HIGHLANDER,WHITE,Citation,21-1124.2(d2),Transportation Article,No,OTHER,F,SANDY SPRING,MD,MD,A - Marked Patrol,"(39.0767866666667, -77.0808116666667)"
4/22/14,7:52:00,MCP,SB CONNECTICUT AVE AT INDEPENDENCE ST,39.07472167,-77.07959333,No,No,No,No,No,No,No,No,No,No,MD,05 - Light Duty Truck,2013,JEEP,WRANGLER,BLACK,Citation,13-411(a),Transportation Article,No,OTHER,M,SILVER SPRING,MD,MD,A - Marked Patrol,"(39.0747216666667, -77.0795933333333)"
4/22/14,7:52:00,MCP,SB CONNECTICUT AVE AT INDEPENDENCE ST,39.07472167,-77.07959333,No,No,No,No,No,No,No,No,No,No,MD,05 - Light Duty Truck,2013,JEEP,WRANGLER,BLACK,Citation,16-112(c),Transportation Article,No,OTHER,M,SILVER SPRING,MD,MD,A - Marked Patrol,"(39.0747216666667, -77.0795933333333)"
4/22/14,7:52:00,MCP,SB CONNECTICUT AVE AT INDEPENDENCE ST,39.07472167,-77.07959333,No,No,No,No,No,No,No,No,No,No,MD,05 - Light Duty Truck,2013,JEEP,WRANGLER,BLACK,Citation,22-406(i1),Transportation Article,No,OTHER,M,SILVER SPRING,MD,MD,A - Marked Patrol,"(39.0747216666667, -77.0795933333333)"
4/22/14,7:52:00,MCP,SB CONNECTICUT AVE AT INDEPENDENCE ST,39.07472167,-77.07959333,No,No,No,No,No,No,No,No,No,No,MD,05 - Light Duty Truck,2013,JEEP,WRANGLER,BLACK,Citation,13-411(c1),Transportation Article,No,OTHER,M,SILVER SPRING,MD,MD,A - Marked Patrol,"(39.0747216666667, -77.0795933333333)"
4/22/14,7:52:00,MCP,SB CONNECTICUT AVE AT INDEPENDENCE ST,39.07472167,-77.07959333,No,No,No,No,No,No,No,No,No,No,MD,05 - Light Duty Truck,2013,JEEP,WRANGLER,BLACK,Citation,21-1112.1(a),Transportation Article,No,OTHER,M,SILVER SPRING,MD,MD,A - Marked Patrol,"(39.0747216666667, -77.0795933333333)"
4/22/14,7:52:00,MCP,SB CONNECTICUT AVE AT INDEPENDENCE ST,39.07472167,-77.07959333,No,No,No,No,No,No,No,No,No,No,MD,05 - Light Duty Truck,2013,JEEP,WRANGLER,BLACK,Citation,23-109(j),Transportation Article,No,OTHER,M,SILVER SPRING,MD,MD,A - Marked Patrol,"(39.0747216666667, -77.0795933333333)"
4/22/14,9:40:00,MCP,EB VEIRS MILL RD PRIOR TO REEDIE DR,39.03411833,-77.04940333,No,No,No,No,No,No,No,No,No,No,MD,02 - Automobile,1997,TOYOTA,CAMRY,GOLD,Citation,21-1124.2(d2),Transportation Article,No,WHITE,M,SILVER SPRING,MD,MD,A - Marked Patrol,"(39.0341183333333, -77.0494033333333)"
4/22/14,9:52:00,MCP,EB VEIRS MILL RD PRIOR TO REEDIE DR,39.03848167,-77.053055,No,No,No,No,No,No,No,No,No,No,MD,02 - Automobile,2007,TOYOTA,COROLLA,GOLD,Citation,21-1124.2(d2),Transportation Article,No,BLACK,F,GERMANTOWN,MD,MD,A - Marked Patrol,"(39.0384816666667, -77.053055)"
4/22/14,10:35:00,MCP,EB VEIRS MILL RD PRIOR TO REEDIE DR,39.03663333,-77.05300833,No,No,No,No,No,No,No,No,No,No,MD,02 - Automobile,2009,SUZUKI,SX4,GRAY,Citation,21-1124.2(d2),Transportation Article,No,OTHER,F,SILVER SPRING,MD,MD,A - Marked Patrol,"(39.0366333333333, -77.0530083333333)"
4/22/14,10:51:00,MCP,EB VEIRS MILL RD PRIOR TO REEDIE DR,39.03727167,-77.05150333,No,No,No,No,No,No,No,No,No,No,MD,02 - Automobile,2006,TOYOTA,COROLLA,GOLD,Citation,21-1124.2(d2),Transportation Article,No,ASIAN,M,ROCKVILLE,MD,MD,A - Marked Patrol,"(39.0372716666667, -77.0515033333333)"
4/22/14,10:56:00,MCP,11160 VEIRS MILL RD OFF REEDIE DRIVE,39.037545,-77.05362667,No,No,No,No,No,No,No,No,No,No,MD,02 - Automobile,2014,FORD,TAURUS,BLACK,Citation,21-1124.2(d2),Transportation Article,No,BLACK,M,DISTRICT HEIGHTS,MD,MD,A - Marked Patrol,"(39.037545, -77.0536266666667)"
4/22/14,14:43:00,MCP,SB CONNECTICUT AT GEORGIA AVE,39.07683667,-77.08082833,No,No,No,No,No,No,No,No,No,No,MD,02 - Automobile,2012,NISSAN,ROGUE,GRAY,Citation,21-1124.2(d2),Transportation Article,No,HISPANIC,F,SILVER SPRING,MD,MD,A - Marked Patrol,"(39.0768366666667, -77.0808283333333)"
4/22/14,18:46:00,MCP,13700 BLK CONNECTICUT AVE ASPN HILL SC,39.07846,-77.07998,No,No,No,No,No,No,No,No,No,No,MD,03 - Station Wagon,2006,JEEP,COMMANDER,SILVER,Citation,21-1124.2(d2),Transportation Article,No,WHITE,F,SILVER SPRING,MD,MD,A - Marked Patrol,"(39.07846, -77.07998)"
4/24/14,11:57:00,MCP,SB CONNECTICUT AT ASPEN HILL RD,39.08047333,-77.08068833,No,No,No,No,No,No,No,No,No,No,MD,03 - Station Wagon,2001,BMW,SUV,SILVER,Citation,21-1124.2(d2),Transportation Article,No,ASIAN,M,GAITHERSBURG,MD,MD,L - Motorcycle,"(39.0804733333333, -77.0806883333333)"
4/24/14,12:07:00,MCP,SB CONNECTICUT AT ASPEN HILL RD,39.07942833,-77.084495,No,No,No,No,No,No,No,No,No,No,MD,02 - Automobile,2013,NISSAN,SENTRA,GRAY,Citation,21-1124.2(d2),Transportation Article,No,BLACK,F,SILVER SPRING,MD,MD,L - Motorcycle,"(39.0794283333333, -77.084495)"
4/24/14,12:40:00,MCP,SB GEORGIA AVE AT CONNECTICUT AVE,39.08100833,-77.07620667,No,No,No,No,No,No,No,No,No,No,MD,02 - Automobile,2011,HYUNDAI,SONATA,BLUE,Citation,21-1124.2(d2),Transportation Article,No,HISPANIC,F,SILVER SPRING,MD,MD,L - Motorcycle,"(39.0810083333333, -77.0762066666667)"
4/24/14,12:53:00,MCP,SB GEORGIA AVE AT CONNECTICUT AVE,39.080525,-77.07613833,No,No,No,No,No,No,No,No,No,No,MD,05 - Light Duty Truck,2007,TOYOTA,TUNDRA,BLACK,Citation,21-1124.2(d2),Transportation Article,No,HISPANIC,M,SILVER SPRING,MD,MD,L - Motorcycle,"(39.080525, -77.0761383333333)"
4/24/14,12:53:00,MCP,SB GEORGIA AVE AT CONNECTICUT AVE,39.080525,-77.07613833,No,No,No,No,No,No,No,No,No,No,MD,05 - Light Duty Truck,2007,TOYOTA,TUNDRA,BLACK,Citation,22-412.2(d),Transportation Article,No,HISPANIC,M,SILVER SPRING,MD,MD,L - Motorcycle,"(39.080525, -77.0761383333333)"
4/24/14,13:04:00,MCP,SB GEORGIA AVE AT CONNECTICUT AVE,39.080805,-77.07713167,No,No,No,No,No,No,No,No,No,No,VA,02 - Automobile,2010,BMW,328I,BLACK,Citation,21-1124.2(d2),Transportation Article,No,OTHER,F,SILVER SPRING,MD,MD,L - Motorcycle,"(39.080805, -77.0771316666667)"
4/24/14,13:12:00,MCP,SB GEORGIA AVE AT CONNECTICUT AVE,39.080945,-77.07598667,No,No,No,No,No,No,No,No,No,No,MD,02 - Automobile,2014,NISSAN,ALTIMA,WHITE,Citation,21-1124.2(d2),Transportation Article,No,BLACK,M,SILVER SPRING,MD,MD,L - Motorcycle,"(39.080945, -77.0759866666667)"
4/24/14,13:21:00,MCP,SB GEORGIA AVE AT CONNECTICUT AVE,39.07740667,-77.07094167,No,No,No,No,No,No,No,No,No,No,MD,02 - Automobile,2010,FORD,FUSION,BLUE,Citation,21-1124.2(d2),Transportation Article,No,WHITE,F,ROCKVILLE,MD,MD,L - Motorcycle,"(39.0774066666667, -77.0709416666667)"
4/24/14,13:36:00,MCP,SB GEORGIA AVE AT CONNECTICUT AVE,39.07783167,-77.07152,No,No,No,No,No,No,No,No,No,No,MD,02 - Automobile,2003,ACURA,3.5TL,SILVER,Citation,21-1124.2(d2),Transportation Article,No,BLACK,M,GAITHERSBURG,MD,MD,L - Motorcycle,"(39.0778316666667, -77.07152)"
4/24/14,13:50:00,MCP,SB GEORGIA AVE AT CONNECTICUT AVE,39.08041167,-77.074835,No,No,No,No,No,No,No,No,No,No,MD,02 - Automobile,2004,ACURA,TL,SILVER,Citation,21-1124.2(d2),Transportation Article,No,HISPANIC,F,SILVER SPRING,MD,MD,L - Motorcycle,"(39.0804116666667, -77.074835)"
4/24/14,14:00:00,MCP,SB GEORGIA AVE AT CONNECTICUT AVE,39.08105333,-77.07572667,No,No,No,No,No,No,No,No,No,No,MD,03 - Station Wagon,2003,HONDA,ODYSSEY,GOLD,Citation,21-1124.2(d2),Transportation Article,No,HISPANIC,F,GAITHERSBURG,MD,MD,L - Motorcycle,"(39.0810533333333, -77.0757266666667)"
4/24/14,14:16:00,MCP,SB GEORGIA AVE AT CONNECTICUT AVE,39.07616667,-77.06933333,No,No,No,No,No,No,No,No,No,No,MD,03 - Station Wagon,2003,KIA,SEDONA,GOLD,Citation,21-1124.2(d2),Transportation Article,No,BLACK,M,SILVER SPRING,MD,MD,L - Motorcycle,"(39.0761666666667, -77.0693333333333)"
4/24/14,17:08:00,MCP,WB REEDIE DR PRIOR TO VEIRS MILL RD,39.03853,-77.05197167,No,No,No,No,No,No,No,No,No,No,OH,02 - Automobile,2002,HYUNDAI,ELANTRA,SILVER,Citation,13-409(b),Transportation Article,No,WHITE,F,WASHINGTON,DC,DC,L - Motorcycle,"(39.03853, -77.0519716666667)"
4/24/14,17:44:00,MCP,NB GEORGIA AVE AT WINDHAM LA,39.036275,-77.04957667,No,No,No,No,No,No,No,No,No,No,MD,02 - Automobile,2007,TOYOTA,CAMRY,SILVER,Citation,21-1124.2(d2),Transportation Article,No,ASIAN,M,SILVER SPRING,MD,MD,L - Motorcycle,"(39.036275, -77.0495766666667)"
4/24/14,18:08:00,MCP,NB GEORGIA AVE AT PARKER RD,39.05263833,-77.05058167,No,No,No,No,No,No,No,No,No,No,VA,02 - Automobile,2010,HONDA,ACCORD,BLACK,Citation,21-1124.2(d2),Transportation Article,No,HISPANIC,F,GAITHERSBURG,MD,MD,L - Motorcycle,"(39.0526383333333, -77.0505816666667)"
4/24/14,19:43:00,MCP,NB I 270  PRIOR TO EXIT 11 MONT VILLAGE,39.14248333,-77.21343,No,No,No,No,No,No,No,No,No,No,VA,02 - Automobile,2014,LEXUS,IS350,WHITE,Citation,21-310(a),Transportation Article,No,ASIAN,M,GERMANTOWN,MD,MD,A - Marked Patrol,"(39.1424833333333, -77.21343)"
4/25/14,12:29:00,MCP,NB CONNECTICUT AVE PRIOR TO  GEORGIA AVE,39.08344,-77.07810667,No,No,No,No,No,No,No,No,No,No,MD,02 - Automobile,2003,BUICK,CENTURY,SILVER,Citation,21-1124.2(d2),Transportation Article,No,WHITE,M,SILVER SPRING,MD,MD,A - Marked Patrol,"(39.08344, -77.0781066666667)"
4/25/14,12:38:00,MCP,NB CONNECTICUT AVE PRIOR TO  GEORGIA AVE,39.083425,-77.077945,No,No,No,No,No,No,No,No,No,No,MD,02 - Automobile,2001,TOYOTA,COROLLA,SILVER,Citation,21-1124.2(d2),Transportation Article,No,BLACK,M,BLADENSBURG,MD,MD,A - Marked Patrol,"(39.083425, -77.077945)"
4/25/14,12:38:00,MCP,NB CONNECTICUT AVE PRIOR TO  GEORGIA AVE,39.083425,-77.077945,No,No,No,No,No,No,No,No,No,No,MD,02 - Automobile,2001,TOYOTA,COROLLA,SILVER,Citation,13-401(h),Transportation Article,No,BLACK,M,BLADENSBURG,MD,MD,A - Marked Patrol,"(39.083425, -77.077945)"
4/25/14,12:53:00,MCP,ASPEN HILL RD LEFT ONTO NB RT 97,39.084385,-77.07783833,No,No,No,No,No,No,No,No,No,No,MD,03 - Station Wagon,2007,JEEP,COMMANDER,SILVER,Citation,21-1124.2(d2),Transportation Article,No,WHITE,M,ROCKVILLE,MD,MD,A - Marked Patrol,"(39.084385, -77.0778383333333)"
4/25/14,14:35:00,MCP,WB RANDOLPH RD AT GLENMONT CIR,39.058365,-77.049565,No,No,No,No,No,No,No,No,No,No,MD,03 - Station Wagon,1999,CHEVROLET,ASTRO,MAROON,Citation,21-1124.2(d2),Transportation Article,No,HISPANIC,M,SILVER SPRING,MD,MD,A - Marked Patrol,"(39.058365, -77.049565)"
4/25/14,14:35:00,MCP,WB RANDOLPH RD AT GLENMONT CIR,39.058365,-77.049565,No,No,No,No,No,No,No,No,No,No,MD,03 - Station Wagon,1999,CHEVROLET,ASTRO,MAROON,Citation,16-303(c),Transportation Article,No,HISPANIC,M,SILVER SPRING,MD,MD,A - Marked Patrol,"(39.058365, -77.049565)"
4/25/14,14:35:00,MCP,WB RANDOLPH RD AT GLENMONT CIR,39.058365,-77.049565,No,No,No,No,No,No,No,No,No,No,MD,03 - Station Wagon,1999,CHEVROLET,ASTRO,MAROON,Citation,16-303(h),Transportation Article,No,HISPANIC,M,SILVER SPRING,MD,MD,A - Marked Patrol,"(39.058365, -77.049565)"
4/25/14,14:35:00,MCP,WB RANDOLPH RD AT GLENMONT CIR,39.058365,-77.049565,No,No,No,No,No,No,No,No,No,No,MD,03 - Station Wagon,1999,CHEVROLET,ASTRO,MAROON,Citation,16-303(d),Transportation Article,No,HISPANIC,M,SILVER SPRING,MD,MD,A - Marked Patrol,"(39.058365, -77.049565)"
4/25/14,14:35:00,MCP,WB RANDOLPH RD AT GLENMONT CIR,39.058365,-77.049565,No,No,No,No,No,No,No,No,No,No,MD,03 - Station Wagon,1999,CHEVROLET,ASTRO,MAROON,Citation,16-101(a),Transportation Article,No,HISPANIC,M,SILVER SPRING,MD,MD,A - Marked Patrol,"(39.058365, -77.049565)"
2/24/14,2:48:00,MCP,CHELSEA LA. @ WISCONSIN AVE.,,,No,No,No,No,No,No,No,No,No,No,MD,02 - Automobile,2012,TOYOTA,CAMRY,BLACK,Citation,21-902(a1),Transportation Article,No,WHITE,M,N. BETHESDA,MD,MD,A - Marked Patrol,
4/25/14,16:59:00,MCP,13729 CONNECTICUT AVE CVS,39.07893667,-77.07940833,No,No,No,No,No,No,No,No,No,No,MD,02 - Automobile,2001,NISSAN,SENTRA,GOLD,Citation,21-1003(n),Transportation Article,No,BLACK,M,ROCKVILLE,MD,MD,A - Marked Patrol,"(39.0789366666667, -77.0794083333333)"
4/25/14,17:18:00,MCP,13745 CONNECTICUT AVE BEER AND WINE,39.07914,-77.07928,No,No,No,No,No,No,No,No,No,No,MD,02 - Automobile,2000,TOYOTA,CAMRY,BLACK,Citation,21-1003(j),Transportation Article,No,HISPANIC,F,WHEATON,MD,MD,A - Marked Patrol,"(39.07914, -77.07928)"
4/25/14,20:17:00,MCP,NB I 270 FROM I 370 TO RT 27 EXIT,39.19457333,-77.26055333,No,No,No,No,No,No,No,No,No,No,MD,03 - Station Wagon,2008,CHEVROLET,TAHOE,SILVER,Citation,21-801(a),Transportation Article,No,WHITE,M,SILVER SPRING,MD,MD,A - Marked Patrol,"(39.1945733333333, -77.2605533333333)"
4/29/14,9:14:00,MCP,RANDOLPH RD AT OLD RANDOLPH RD,39.06419833,-77.02875,No,No,No,No,No,No,No,No,No,No,MD,02 - Automobile,1999,TOYOTA,AVALON,BLACK,Citation,21-301(a),Transportation Article,No,ASIAN,M,SILVER SPRING,MD,MD,A - Marked Patrol,"(39.0641983333333, -77.02875)"
4/29/14,9:14:00,MCP,RANDOLPH RD AT OLD RANDOLPH RD,39.06419833,-77.02875,No,No,No,No,No,No,No,No,No,No,MD,02 - Automobile,1999,TOYOTA,AVALON,BLACK,Citation,21-308(a),Transportation Article,No,ASIAN,M,SILVER SPRING,MD,MD,A - Marked Patrol,"(39.0641983333333, -77.02875)"
4/29/14,16:02:00,MCP,13745 CONNECTICUT AVE BEER AND WINE,39.079095,-77.07944333,No,No,No,No,No,No,No,No,No,No,MD,02 - Automobile,2008,HONDA,CIVIC,MAROON,Citation,21-1003(j),Transportation Article,No,HISPANIC,M,SILVER SPRING,MD,MD,A - Marked Patrol,"(39.079095, -77.0794433333333)"
5/1/14,5:29:00,MCP,SB 270 PRIOR TO EXIT FOR 370,39.12791667,-77.20361167,No,No,No,No,No,Yes,No,No,No,No,WV,03 - Station Wagon,2008,JEEP,SUV,GRAY,Citation,13-411(c1),Transportation Article,No,BLACK,F,FALLING WATERS,WV,WV,A - Marked Patrol,"(39.1279166666667, -77.2036116666667)"
5/1/14,6:55:00,MCP,NB GEORGIA AVE AT SHOREFIELD RD LA1,39.052575,-77.05069833,No,No,No,No,No,No,No,No,No,No,VA,05 - Light Duty Truck,2014,FORD,F150,RED,Citation,21-801.1,Transportation Article,No,WHITE,M,GAITHERSBURG,MD,MD,Q - Marked Laser,"(39.052575, -77.0506983333333)"
5/1/14,7:01:00,MCP,NB GEORGIA AVE AT SHOREFIELD RD LA2,39.052575,-77.05069833,No,No,No,No,No,Yes,No,No,No,No,MD,02 - Automobile,2009,FORD,BARWOOD,BLUE,Citation,21-801.1,Transportation Article,No,BLACK,M,LAUREL,MD,MD,Q - Marked Laser,"(39.052575, -77.0506983333333)"
5/1/14,7:10:00,MCP,NB GEORGIA AVE AT SHOREFIELD RD LA2,39.052575,-77.05069833,No,No,No,No,No,No,No,No,No,No,MD,05 - Light Duty Truck,2006,TOYOTA,TACOMA,RED,Citation,21-801.1,Transportation Article,No,HISPANIC,M,SILVER SPRING,MD,MD,Q - Marked Laser,"(39.052575, -77.0506983333333)"
5/1/14,7:15:00,MCP,NB GEORGIA AVE AT SHOREFIELD RD LA2,39.052575,-77.05069833,No,No,No,No,No,No,No,No,No,No,MD,02 - Automobile,2011,CHEV,HHR,BRONZE,Citation,21-801.1,Transportation Article,No,BLACK,F,LANDOVER,MD,MD,Q - Marked Laser,"(39.052575, -77.0506983333333)"
5/1/14,7:15:00,MCP,NB GEORGIA AVE AT SHOREFIELD RD LA2,39.052575,-77.05069833,No,No,No,No,No,No,No,No,No,No,MD,02 - Automobile,2011,CHEV,HHR,BRONZE,Citation,16-303(c),Transportation Article,No,BLACK,F,LANDOVER,MD,MD,Q - Marked Laser,"(39.052575, -77.0506983333333)"
5/1/14,7:15:00,MCP,NB GEORGIA AVE AT SHOREFIELD RD LA2,39.052575,-77.05069833,No,No,No,No,No,No,No,No,No,No,MD,02 - Automobile,2011,CHEV,HHR,BRONZE,Citation,16-303(h),Transportation Article,No,BLACK,F,LANDOVER,MD,MD,Q - Marked Laser,"(39.052575, -77.0506983333333)"
5/1/14,7:15:00,MCP,NB GEORGIA AVE AT SHOREFIELD RD LA2,39.052575,-77.05069833,No,No,No,No,No,No,No,No,No,No,MD,02 - Automobile,2011,CHEV,HHR,BRONZE,Citation,16-303(d),Transportation Article,No,BLACK,F,LANDOVER,MD,MD,Q - Marked Laser,"(39.052575, -77.0506983333333)"
5/1/14,7:15:00,MCP,NB GEORGIA AVE AT SHOREFIELD RD LA2,39.052575,-77.05069833,No,No,No,No,No,No,No,No,No,No,MD,02 - Automobile,2011,CHEV,HHR,BRONZE,Citation,16-101(a),Transportation Article,No,BLACK,F,LANDOVER,MD,MD,Q - Marked Laser,"(39.052575, -77.0506983333333)"
5/1/14,7:15:00,MCP,NB GEORGIA AVE AT SHOREFIELD RD LA2,39.052575,-77.05069833,No,No,No,No,No,No,No,No,No,No,MD,02 - Automobile,2011,CHEV,HHR,BRONZE,Citation,13-401(h),Transportation Article,No,BLACK,F,LANDOVER,MD,MD,Q - Marked Laser,"(39.052575, -77.0506983333333)"
5/1/14,7:15:00,MCP,NB GEORGIA AVE AT SHOREFIELD RD LA2,39.052575,-77.05069833,No,No,No,No,No,No,No,No,No,No,MD,02 - Automobile,2011,CHEV,HHR,BRONZE,Citation,16-301(j),Transportation Article,No,BLACK,F,LANDOVER,MD,MD,Q - Marked Laser,"(39.052575, -77.0506983333333)"
5/1/14,8:26:00,MCP,WB RT 108 AT HILLCREST DR LA 1,39.15285167,-77.06547333,No,No,No,No,No,No,No,No,No,No,MD,02 - Automobile,2012,FORD,MUSTANG,BLACK,Citation,21-801.1,Transportation Article,No,WHITE,M,GAITHERSBURG,MD,MD,Q - Marked Laser,"(39.1528516666667, -77.0654733333333)"
5/1/14,8:26:00,MCP,WB RT 108 AT HILLCREST DR LA 1,39.15285167,-77.06547333,No,No,No,No,No,No,No,No,No,No,MD,02 - Automobile,2012,FORD,MUSTANG,BLACK,Citation,22-406(i1),Transportation Article,No,WHITE,M,GAITHERSBURG,MD,MD,Q - Marked Laser,"(39.1528516666667, -77.0654733333333)"
5/1/14,8:50:00,MCP,WB RT 108 AT HILLCREST DR LA 2,39.15285167,-77.06547333,No,No,No,No,No,No,No,No,No,No,MD,02 - Automobile,2008,HYUNDAI,SANTA FE,BLACK,Citation,21-801.1,Transportation Article,No,WHITE,M,OLNEY,MD,MD,Q - Marked Laser,"(39.1528516666667, -77.0654733333333)"
5/2/14,7:12:00,MCP,EB RANDOLPH RD PRIOR TO RT 650 LA 1,39.07386833,-77.00706833,No,No,No,No,No,No,No,No,No,No,MD,03 - Station Wagon,2000,SUBARU,OUTBACK,MAROON,Citation,21-801.1,Transportation Article,No,HISPANIC,M,SILVER SPRING,MD,MD,Q - Marked Laser,"(39.0738683333333, -77.0070683333333)"
5/2/14,7:18:00,MCP,EB RANDOLPH RD PRIOR TO RT 650 LA 1,39.07386833,-77.00706833,No,No,No,No,No,No,No,No,No,No,MD,02 - Automobile,2008,HYUNDAI,AZERA,WHITE,Citation,21-801.1,Transportation Article,No,WHITE,F,SILVER SPRING,MD,MD,Q - Marked Laser,"(39.0738683333333, -77.0070683333333)"
5/2/14,7:25:00,MCP,EB RANDOLPH RD PRIOR TO RT 650 LA 2,39.07386833,-77.00706833,No,No,No,No,No,No,No,No,No,No,MD,03 - Station Wagon,2007,CHRYSLER,VAN,SILVER,Citation,21-801.1,Transportation Article,No,BLACK,F,ROCKVILLE,MD,MD,Q - Marked Laser,"(39.0738683333333, -77.0070683333333)"
5/2/14,7:39:00,MCP,EB RANDOLPH RD PRIOR TO RT 650 LA 3,39.07386833,-77.00706833,No,No,No,No,No,No,No,No,No,No,MD,02 - Automobile,2005,MERCEDES,C240,BLACK,Citation,21-801.1,Transportation Article,No,OTHER,M,ADELPHI,MD,MD,Q - Marked Laser,"(39.0738683333333, -77.0070683333333)"
5/2/14,7:44:00,MCP,EB RANDOLPH RD PRIOR TO RT 650 LA 1,39.07386833,-77.00706833,No,No,No,No,No,No,No,No,No,No,MD,03 - Station Wagon,2013,JEEP,COMPASS,SILVER,Citation,21-801.1,Transportation Article,No,OTHER,M,SILVER SPRING,MD,MD,Q - Marked Laser,"(39.0738683333333, -77.0070683333333)"
5/2/14,7:48:00,MCP,EB RANDOLPH RD PRIOR TO RT 650 LA 2,39.07386833,-77.00706833,No,No,No,No,No,No,No,No,No,No,MD,03 - Station Wagon,2004,GMC,YUKON,GOLD,Citation,21-801.1,Transportation Article,No,BLACK,M,BOYDS,MD,MD,Q - Marked Laser,"(39.0738683333333, -77.0070683333333)"
5/2/14,7:58:00,MCP,EB RANDOLPH RD PRIOR TO RT 650 LA 2,39.07387333,-77.007055,No,No,No,No,No,No,No,No,No,No,VA,03 - Station Wagon,2004,TOYOTA,RAV4,BLACK,Citation,21-801.1,Transportation Article,No,WHITE,M,ROCKVILLE,MD,MD,Q - Marked Laser,"(39.0738733333333, -77.007055)"
5/2/14,7:58:00,MCP,EB RANDOLPH RD PRIOR TO RT 650 LA 2,39.07387333,-77.007055,No,No,No,No,No,No,No,No,No,No,VA,03 - Station Wagon,2004,TOYOTA,RAV4,BLACK,Citation,22-412.3(b),Transportation Article,No,WHITE,M,ROCKVILLE,MD,MD,Q - Marked Laser,"(39.0738733333333, -77.007055)"
5/4/14,19:10:00,MCP,13700 BLOCK CONNECTICUT AVE GIANT FOODS,39.079845,-77.07899,No,No,No,No,No,No,No,No,No,No,MD,02 - Automobile,2010,SUBARU,4S,BLACK,Citation,21-1003(n),Transportation Article,No,BLACK,M,SILVER SPRING,MD,MD,A - Marked Patrol,"(39.079845, -77.07899)"
5/4/14,19:10:00,MCP,13700 BLOCK CONNECTICUT AVE GIANT FOODS,39.079845,-77.07899,No,No,No,No,No,No,No,No,No,No,MD,02 - Automobile,2010,SUBARU,4S,BLACK,Citation,21-1003(c),Transportation Article,No,BLACK,M,SILVER SPRING,MD,MD,A - Marked Patrol,"(39.079845, -77.07899)"
5/5/14,11:48:00,MCP,EB RANDOLPH RD PRIOR TO RT 650 LA 1,39.073815,-77.00717,No,No,No,No,No,No,No,No,No,No,MD,05 - Light Duty Truck,2013,TOYOTA,TACOMA,BLUE,Citation,22-412.3(b),Transportation Article,No,WHITE,M,SILVER SPRING,MD,MD,A - Marked Patrol,"(39.073815, -77.00717)"
5/5/14,11:58:00,MCP,EB RANDOLPH RD PRIOR TO RT 650 LA 2,39.073815,-77.00717,No,No,No,No,No,No,No,No,No,No,MD,05 - Light Duty Truck,2005,CHEVROLET,COLORADO,MAROON,Citation,21-801.1,Transportation Article,No,BLACK,M,SILVER SPRING,MD,MD,Q - Marked Laser,"(39.073815, -77.00717)"
5/5/14,12:38:00,MCP,EB RANDOLPH RD PRIOR TO RT 650 LA 2,39.073815,-77.00717,No,No,No,No,No,No,No,No,No,No,MD,03 - Station Wagon,2000,HONDA,ODYSSEY,GRAY,Citation,21-801.1,Transportation Article,No,HISPANIC,M,BROOKEVILLE,MD,MD,Q - Marked Laser,"(39.073815, -77.00717)"
5/5/14,12:59:00,MCP,EB RANDOLPH RD PRIOR TO RT 650 LA 2,39.073815,-77.00717,No,No,No,No,No,No,No,No,No,No,MD,02 - Automobile,2014,TOYOTA,CAMRY,GRAY,Citation,21-801.1,Transportation Article,No,BLACK,M,SILVER SPRING,MD,MD,Q - Marked Laser,"(39.073815, -77.00717)"
5/5/14,12:59:00,MCP,EB RANDOLPH RD PRIOR TO RT 650 LA 2,39.073815,-77.00717,No,No,No,No,No,No,No,No,No,No,MD,02 - Automobile,2014,TOYOTA,CAMRY,GRAY,Citation,16-112(c),Transportation Article,No,BLACK,M,SILVER SPRING,MD,MD,Q - Marked Laser,"(39.073815, -77.00717)"
5/5/14,12:59:00,MCP,EB RANDOLPH RD PRIOR TO RT 650 LA 2,39.073815,-77.00717,No,No,No,No,No,No,No,No,No,No,MD,02 - Automobile,2014,TOYOTA,CAMRY,GRAY,Citation,16-101(a),Transportation Article,No,BLACK,M,SILVER SPRING,MD,MD,Q - Marked Laser,"(39.073815, -77.00717)"
5/5/14,12:59:00,MCP,EB RANDOLPH RD PRIOR TO RT 650 LA 2,39.073815,-77.00717,No,No,No,No,No,No,No,No,No,No,MD,02 - Automobile,2014,TOYOTA,CAMRY,GRAY,Citation,16-303(c),Transportation Article,No,BLACK,M,SILVER SPRING,MD,MD,Q - Marked Laser,"(39.073815, -77.00717)"